symbol,date,open,low,volume,high,close
BNB-EUR,2021-01-26 10:00:00,33.40749740600586,33.40749740600586,0,34.26166915893555,34.22639465332031
BNB-EUR,2021-01-26 11:00:00,34.204345703125,33.48910903930664,0,34.20945739746094,33.52323913574219
BNB-EUR,2021-01-26 12:00:00,33.5089225769043,33.14559555053711,0,33.58601760864258,33.14559555053711
BNB-EUR,2021-01-26 13:00:00,33.139495849609375,33.072242736816406,14666464,33.57709503173828,33.410587310791016
BNB-EUR,2021-01-26 14:00:00,33.4146728515625,32.90644454956055,0,33.486236572265625,33.226036071777344
BNB-EUR,2021-01-26 15:00:00,33.22154998779297,33.19414138793945,6397312,33.52933883666992,33.51034164428711
BNB-EUR,2021-01-26 16:00:00,33.507179260253906,33.34075927734375,9688864,33.68464660644531,33.66465759277344
BNB-EUR,2021-01-26 17:00:00,33.65840148925781,33.65798568725586,581824,33.86077117919922,33.84177017211914
BNB-EUR,2021-01-26 18:00:00,33.854549407958984,33.83034133911133,1138784,33.98445510864258,33.84757614135742
BNB-EUR,2021-01-26 19:00:00,33.87354278564453,33.83909225463867,367424,33.97664260864258,33.88960266113281
BNB-EUR,2021-01-26 20:00:00,33.8974494934082,33.84538269042969,0,34.035980224609375,33.86427307128906
BNB-EUR,2021-01-26 21:00:00,33.84921646118164,33.80912780761719,0,34.00628662109375,33.8096809387207
BNB-EUR,2021-01-26 22:00:00,33.79228591918945,33.74095916748047,0,34.048301696777344,34.048301696777344
BNB-EUR,2021-01-26 23:00:00,34.039493560791016,34.039493560791016,5395616,34.228946685791016,34.22772216796875
BNB-EUR,2021-01-27 00:00:00,34.27724075317383,34.079124450683594,3432896,34.55793762207031,34.31931686401367
BNB-EUR,2021-01-27 01:00:00,34.3104362487793,34.18313980102539,6640288,34.461509704589844,34.208621978759766
BNB-EUR,2021-01-27 02:00:00,34.20540237426758,34.189117431640625,0,34.311275482177734,34.189117431640625
BNB-EUR,2021-01-27 03:00:00,34.17521667480469,33.935508728027344,0,34.17521667480469,34.0267219543457
BNB-EUR,2021-01-27 04:00:00,34.01133346557617,33.834754943847656,0,34.1486930847168,34.113121032714844
BNB-EUR,2021-01-27 05:00:00,34.10569381713867,33.769569396972656,2139584,34.10569381713867,33.79850769042969
BNB-EUR,2021-01-27 06:00:00,33.81655502319336,33.80537033081055,4018784,34.12748336791992,34.12748336791992
BNB-EUR,2021-01-27 07:00:00,34.13267135620117,34.0781135559082,1373344,34.367210388183594,34.36388397216797
BNB-EUR,2021-01-27 08:00:00,34.361671447753906,34.06245040893555,0,34.46440124511719,34.06245040893555
BNB-EUR,2021-01-27 09:00:00,34.050445556640625,33.434547424316406,6636864,34.07676696777344,33.683841705322266
BNB-EUR,2021-01-27 10:00:00,33.69289779663086,33.69289779663086,0,34.05903244018555,33.96994400024414
BNB-EUR,2021-01-27 11:00:00,33.98699951171875,33.72350311279297,221152,34.33612060546875,33.72350311279297
BNB-EUR,2021-01-27 12:00:00,33.708030700683594,33.610294342041016,1522688,33.92400360107422,33.92197799682617
BNB-EUR,2021-01-27 13:00:00,33.90522766113281,33.58491897583008,0,33.95236587524414,33.58491897583008
BNB-EUR,2021-01-27 14:00:00,33.55978012084961,32.91496276855469,0,33.63026428222656,33.006622314453125
BNB-EUR,2021-01-27 15:00:00,33.0062370300293,32.980960845947266,12124128,33.669410705566406,33.669410705566406
BNB-EUR,2021-01-27 16:00:00,33.65330505371094,33.57509994506836,0,33.84735870361328,33.627803802490234
BNB-EUR,2021-01-27 17:00:00,33.63580322265625,33.43077087402344,0,33.724853515625,33.57334518432617
BNB-EUR,2021-01-27 18:00:00,33.545013427734375,33.054931640625,0,33.601234436035156,33.054931640625
BNB-EUR,2021-01-27 19:00:00,33.05581283569336,33.03138732910156,8927872,33.78212356567383,33.685997009277344
BNB-EUR,2021-01-27 20:00:00,33.68635559082031,33.62500762939453,5615904,34.00780487060547,33.971492767333984
BNB-EUR,2021-01-27 21:00:00,33.99618148803711,33.74953079223633,1221280,33.99958801269531,33.85503005981445
BNB-EUR,2021-01-27 22:00:00,33.833290100097656,33.800960540771484,31285024,34.1839599609375,33.92093276977539
BNB-EUR,2021-01-27 23:00:00,33.92197799682617,33.74558639526367,0,33.969696044921875,33.87034225463867
BNB-EUR,2021-01-28 00:00:00,33.8718147277832,33.49862289428711,0,33.987491607666016,33.98014831542969
BNB-EUR,2021-01-28 01:00:00,33.991539001464844,33.94565963745117,0,34.2928581237793,34.2928581237793
BNB-EUR,2021-01-28 02:00:00,34.31181716918945,34.29607391357422,0,34.58549118041992,34.4710693359375
BNB-EUR,2021-01-28 03:00:00,34.466522216796875,34.466522216796875,9608864,34.737911224365234,34.71738052368164
BNB-EUR,2021-01-28 04:00:00,34.704124450683594,34.47510528564453,360960,34.7280387878418,34.7280387878418
BNB-EUR,2021-01-28 05:00:00,34.72846984863281,34.69965744018555,108736,35.07207489013672,35.07207489013672
BNB-EUR,2021-01-28 06:00:00,35.06443405151367,34.994354248046875,2212544,35.11299514770508,35.01287078857422
BNB-EUR,2021-01-28 07:00:00,35.01775360107422,34.60842514038086,732544,35.05589294433594,34.6495246887207
BNB-EUR,2021-01-28 08:00:00,34.64970397949219,34.64936828613281,3787808,34.961666107177734,34.89323806762695
BNB-EUR,2021-01-28 09:00:00,34.879817962646484,34.6620979309082,0,35.0096549987793,34.982147216796875
BNB-EUR,2021-01-28 10:00:00,34.991458892822266,34.92452621459961,11508096,35.26786804199219,35.10393142700195
BNB-EUR,2021-01-28 11:00:00,35.14207077026367,34.82982635498047,0,35.19169616699219,34.82982635498047
BNB-EUR,2021-01-28 12:00:00,34.84968948364258,34.840457916259766,3609408,34.990901947021484,34.864383697509766
BNB-EUR,2021-01-28 13:00:00,34.893775939941406,34.823951721191406,2533920,35.05988693237305,35.03640365600586
BNB-EUR,2021-01-28 14:00:00,35.01744842529297,34.7663688659668,0,35.01744842529297,34.8036003112793
BNB-EUR,2021-01-28 15:00:00,34.794742584228516,34.63546371459961,0,34.8504753112793,34.843257904052734
BNB-EUR,2021-01-28 16:00:00,34.854942321777344,34.76252746582031,3209600,34.96128463745117,34.823699951171875
BNB-EUR,2021-01-28 17:00:00,34.831600189208984,34.67921447753906,2438752,34.975955963134766,34.9623908996582
BNB-EUR,2021-01-28 18:00:00,34.96868896484375,34.87825393676758,0,35.016422271728516,35.001365661621094
BNB-EUR,2021-01-28 19:00:00,34.990142822265625,34.897735595703125,0,35.01095199584961,34.99736404418945
BNB-EUR,2021-01-28 20:00:00,35.00204849243164,35.00204849243164,3765856,35.25581741333008,35.23320770263672
BNB-EUR,2021-01-28 21:00:00,35.23099136352539,35.2071418762207,4282976,35.4141845703125,35.388973236083984
BNB-EUR,2021-01-28 22:00:00,35.39043426513672,35.39043426513672,3950656,35.53016662597656,35.49449157714844
BNB-EUR,2021-01-28 23:00:00,35.483394622802734,34.9779167175293,4947840,35.483394622802734,35.136993408203125
BNB-EUR,2021-01-29 00:00:00,35.120941162109375,35.08964920043945,8481536,35.342247009277344,35.08964920043945
BNB-EUR,2021-01-29 01:00:00,35.00822830200195,34.81489562988281,5576864,35.00822830200195,34.941341400146484
BNB-EUR,2021-01-29 02:00:00,34.965538024902344,34.965538024902344,7869760,35.39943313598633,35.37566375732422
BNB-EUR,2021-01-29 03:00:00,35.37812805175781,35.041534423828125,102848,35.40222930908203,35.11805725097656
BNB-EUR,2021-01-29 04:00:00,35.09776306152344,34.640411376953125,7475072,35.09963607788086,34.893272399902344
BNB-EUR,2021-01-29 05:00:00,34.87456130981445,34.784324645996094,9400704,35.23828887939453,35.23828887939453
BNB-EUR,2021-01-29 06:00:00,35.24066162109375,35.074405670166016,1279712,35.33625793457031,35.074405670166016
BNB-EUR,2021-01-29 07:00:00,35.08507537841797,34.911075592041016,0,35.202083587646484,35.0993537902832
BNB-EUR,2021-01-29 08:00:00,35.140480041503906,35.05789566040039,9560480,35.69596481323242,35.69596481323242
BNB-EUR,2021-01-29 09:00:00,35.716705322265625,35.564334869384766,48021952,35.936649322509766,35.936649322509766
BNB-EUR,2021-01-29 10:00:00,35.949886322021484,35.620033264160156,0,35.9996223449707,35.78886032104492
BNB-EUR,2021-01-29 11:00:00,35.797760009765625,35.79634094238281,13082848,36.262779235839844,36.11490249633789
BNB-EUR,2021-01-29 12:00:00,36.13153076171875,35.84360122680664,0,36.1320686340332,36.09575653076172
BNB-EUR,2021-01-29 13:00:00,36.10422134399414,35.961063385009766,4972160,36.215579986572266,36.215579986572266
BNB-EUR,2021-01-29 14:00:00,36.18791961669922,35.744876861572266,1818816,36.18791961669922,35.908870697021484
BNB-EUR,2021-01-29 15:00:00,35.905879974365234,35.70988082885742,0,35.92368698120117,35.87095260620117
BNB-EUR,2021-01-29 16:00:00,35.85261535644531,35.63819122314453,0,35.91259765625,35.6516227722168
BNB-EUR,2021-01-29 17:00:00,35.663631439208984,35.58694076538086,0,36.148109436035156,35.6031379699707
BNB-EUR,2021-01-29 18:00:00,35.59285354614258,34.90268325805664,0,35.666751861572266,35.110198974609375
BNB-EUR,2021-01-29 19:00:00,35.11338424682617,34.73731994628906,500288,35.23465347290039,34.74576950073242
BNB-EUR,2021-01-29 20:00:00,34.79094696044922,34.716434478759766,7254720,35.046104431152344,34.99103927612305
BNB-EUR,2021-01-29 21:00:00,34.97184371948242,34.88017654418945,0,35.05197525024414,35.05197525024414
BNB-EUR,2021-01-29 22:00:00,35.052276611328125,35.03940963745117,3995136,35.39378356933594,35.22555160522461
BNB-EUR,2021-01-29 23:00:00,35.22965621948242,35.155025482177734,0,35.32441329956055,35.30434799194336
BNB-EUR,2021-01-30 00:00:00,35.30575180053711,35.26123046875,0,35.51597595214844,35.346275329589844
BNB-EUR,2021-01-30 01:00:00,35.34675216674805,35.209014892578125,0,35.5521354675293,35.20942306518555
BNB-EUR,2021-01-30 02:00:00,35.20817947387695,35.1638069152832,0,35.5164680480957,35.2990608215332
BNB-EUR,2021-01-30 03:00:00,35.27968978881836,35.23749542236328,0,35.40640640258789,35.40640640258789
BNB-EUR,2021-01-30 04:00:00,35.405982971191406,35.37575912475586,0,35.64869689941406,35.60984420776367
BNB-EUR,2021-01-30 05:00:00,35.611366271972656,35.44199752807617,0,35.611366271972656,35.5003662109375
BNB-EUR,2021-01-30 06:00:00,35.492149353027344,35.336822509765625,0,35.59183883666992,35.554019927978516
BNB-EUR,2021-01-30 07:00:00,35.552520751953125,35.552520751953125,2716384,35.7493896484375,35.7493896484375
BNB-EUR,2021-01-30 08:00:00,35.744041442871094,35.744041442871094,0,35.87860107421875,35.75299835205078
BNB-EUR,2021-01-30 09:00:00,35.759864807128906,35.75502395629883,0,35.985008239746094,35.98092269897461
BNB-EUR,2021-01-30 10:00:00,35.984169006347656,35.8536376953125,0,36.07561492919922,36.07561492919922
BNB-EUR,2021-01-30 11:00:00,36.096839904785156,35.992835998535156,0,36.198875427246094,36.06645965576172
BNB-EUR,2021-01-30 12:00:00,36.0706787109375,36.0706787109375,7226496,36.632686614990234,36.445709228515625
BNB-EUR,2021-01-30 13:00:00,36.44041442871094,36.43536376953125,2803584,36.71500778198242,36.43838119506836
BNB-EUR,2021-01-30 14:00:00,36.41299819946289,36.4058952331543,0,36.719966888427734,36.71255874633789
BNB-EUR,2021-01-30 15:00:00,36.704524993896484,36.704524993896484,5589184,37.06550598144531,36.882415771484375
BNB-EUR,2021-01-30 16:00:00,36.89654541015625,36.5261344909668,10809216,36.95034408569336,36.85668182373047
BNB-EUR,2021-01-30 17:00:00,36.83607482910156,36.53944778442383,3477056,36.95225143432617,36.95225143432617
BNB-EUR,2021-01-30 18:00:00,36.93301773071289,36.66259002685547,0,36.94206619262695,36.72348403930664
BNB-EUR,2021-01-30 19:00:00,36.72731399536133,36.72731399536133,0,36.9123420715332,36.9123420715332
BNB-EUR,2021-01-30 20:00:00,36.90241622924805,36.82706832885742,0,37.048362731933594,36.9032096862793
BNB-EUR,2021-01-30 21:00:00,36.89471435546875,36.742164611816406,843584,36.934322357177734,36.766239166259766
BNB-EUR,2021-01-30 22:00:00,36.75880813598633,36.756744384765625,0,37.03413009643555,37.03413009643555
BNB-EUR,2021-01-30 23:00:00,37.016632080078125,36.80847930908203,0,37.06023406982422,36.889801025390625
BNB-EUR,2021-01-31 00:00:00,36.88756561279297,36.88678741455078,12860704,37.658260345458984,37.54916763305664
BNB-EUR,2021-01-31 01:00:00,37.54274368286133,37.26940155029297,2882464,37.54274368286133,37.308135986328125
BNB-EUR,2021-01-31 02:00:00,37.3029670715332,36.86943054199219,0,37.310020446777344,36.97568130493164
BNB-EUR,2021-01-31 03:00:00,36.97890853881836,36.70235061645508,0,36.97890853881836,36.77480697631836
BNB-EUR,2021-01-31 04:00:00,36.770687103271484,36.770687103271484,0,37.050052642822266,36.89754104614258
BNB-EUR,2021-01-31 05:00:00,36.89199447631836,36.36524200439453,146048,36.89199447631836,36.486759185791016
BNB-EUR,2021-01-31 06:00:00,36.47356414794922,36.203369140625,0,36.47356414794922,36.203369140625
BNB-EUR,2021-01-31 07:00:00,36.232452392578125,36.19759750366211,0,36.475364685058594,36.42790985107422
BNB-EUR,2021-01-31 08:00:00,36.437400817871094,36.2977294921875,0,36.508670806884766,36.394527435302734
BNB-EUR,2021-01-31 09:00:00,36.39190673828125,36.352394104003906,2089248,36.606842041015625,36.42431640625
BNB-EUR,2021-01-31 10:00:00,36.41535186767578,36.35145568847656,2970848,36.698001861572266,36.6964225769043
BNB-EUR,2021-01-31 11:00:00,36.70319366455078,36.70319366455078,11058304,37.242923736572266,37.22483444213867
BNB-EUR,2021-01-31 12:00:00,37.22295379638672,36.6722297668457,3886880,37.22999572753906,36.80177688598633
BNB-EUR,2021-01-31 13:00:00,36.82501983642578,36.57008743286133,0,36.861244201660156,36.576576232910156
BNB-EUR,2021-01-31 14:00:00,36.57914352416992,36.34596633911133,0,36.608551025390625,36.34596633911133
BNB-EUR,2021-01-31 15:00:00,36.34959411621094,35.78091049194336,170464,36.35221481323242,35.99223327636719
BNB-EUR,2021-01-31 16:00:00,35.99519729614258,35.91082000732422,0,36.27426528930664,36.24603271484375
BNB-EUR,2021-01-31 17:00:00,36.24592971801758,36.13054656982422,0,36.446590423583984,36.13054656982422
BNB-EUR,2021-01-31 18:00:00,36.080875396728516,35.83203125,0,36.25017166137695,35.83203125
BNB-EUR,2021-01-31 19:00:00,35.83869171142578,35.82884216308594,4388832,36.28936767578125,36.2852668762207
BNB-EUR,2021-01-31 20:00:00,36.283424377441406,36.041526794433594,0,36.293182373046875,36.20109939575195
BNB-EUR,2021-01-31 21:00:00,36.18981170654297,35.93470764160156,0,36.20038604736328,35.980308532714844
BNB-EUR,2021-01-31 22:00:00,35.94222640991211,35.88888168334961,0,36.23104476928711,36.217323303222656
BNB-EUR,2021-01-31 23:00:00,36.20777893066406,36.20777893066406,1168640,36.51320266723633,36.50459289550781
BNB-EUR,2021-02-01 00:00:00,36.523353576660156,35.894256591796875,0,36.54772186279297,36.1070671081543
BNB-EUR,2021-02-01 01:00:00,36.10063171386719,36.089805603027344,7568416,36.75627517700195,36.6303596496582
BNB-EUR,2021-02-01 02:00:00,36.615638732910156,36.53609085083008,424064,36.785152435302734,36.633304595947266
BNB-EUR,2021-02-01 03:00:00,36.623294830322266,36.541507720947266,2720704,36.71736145019531,36.71736145019531
BNB-EUR,2021-02-01 04:00:00,36.71881866455078,36.71881866455078,5183936,37.070220947265625,37.070220947265625
BNB-EUR,2021-02-01 05:00:00,37.07010269165039,37.0242919921875,5431424,37.54137420654297,37.54137420654297
BNB-EUR,2021-02-01 06:00:00,37.543601989746094,37.26496887207031,12122592,37.81135177612305,37.41037368774414
BNB-EUR,2021-02-01 07:00:00,37.42808532714844,37.39393997192383,15116288,37.83082962036133,37.72847366333008
BNB-EUR,2021-02-01 08:00:00,37.724273681640625,37.62360382080078,10378176,38.018184661865234,38.018184661865234
BNB-EUR,2021-02-01 09:00:00,38.02490234375,38.02490234375,32396160,38.93338394165039,38.88713836669922
BNB-EUR,2021-02-01 10:00:00,38.894771575927734,38.844642639160156,27202752,39.340675354003906,39.1191291809082
BNB-EUR,2021-02-01 11:00:00,39.13855743408203,39.13855743408203,70400416,40.979034423828125,40.55886459350586
BNB-EUR,2021-02-01 12:00:00,40.499141693115234,39.80180358886719,11225792,40.80819320678711,40.001277923583984
BNB-EUR,2021-02-01 13:00:00,39.99290084838867,39.48188018798828,45033984,40.6533088684082,40.15355682373047
BNB-EUR,2021-02-01 14:00:00,40.15473175048828,39.332000732421875,40115520,40.56318283081055,40.56148147583008
BNB-EUR,2021-02-01 15:00:00,40.53469467163086,40.1107292175293,80248576,41.5530891418457,40.1107292175293
BNB-EUR,2021-02-01 16:00:00,40.087242126464844,40.033756256103516,35051776,40.50920867919922,40.3809814453125
BNB-EUR,2021-02-01 17:00:00,40.39236831665039,40.34897232055664,38191296,41.2262077331543,41.135459899902344
BNB-EUR,2021-02-01 18:00:00,41.154754638671875,40.71220016479492,9708800,41.312843322753906,40.71220016479492
BNB-EUR,2021-02-01 19:00:00,40.768341064453125,40.7292366027832,24516608,41.067020416259766,41.067020416259766
BNB-EUR,2021-02-01 20:00:00,41.0977668762207,40.560001373291016,4245568,41.140865325927734,40.59128189086914
BNB-EUR,2021-02-01 21:00:00,40.600528717041016,40.54621505737305,67352064,42.712493896484375,42.712493896484375
BNB-EUR,2021-02-01 22:00:00,42.614990234375,42.265769958496094,49745472,43.22380447387695,43.00117874145508
BNB-EUR,2021-02-01 23:00:00,42.915565490722656,42.25852966308594,34280128,42.963375091552734,42.81396484375
BNB-EUR,2021-02-02 00:00:00,42.76471710205078,42.07402038574219,15457792,42.76471710205078,42.162654876708984
BNB-EUR,2021-02-02 01:00:00,42.142520904541016,41.70321273803711,12675392,42.2407112121582,42.09354019165039
BNB-EUR,2021-02-02 02:00:00,42.15403747558594,41.79045104980469,6689536,42.15403747558594,41.79045104980469
BNB-EUR,2021-02-02 03:00:00,41.81880569458008,41.55692672729492,4765824,41.831722259521484,41.60209655761719
BNB-EUR,2021-02-02 04:00:00,41.60731506347656,41.519832611083984,19381888,42.00392150878906,41.97792434692383
BNB-EUR,2021-02-02 05:00:00,41.97991180419922,40.950477600097656,0,42.03974533081055,40.950477600097656
BNB-EUR,2021-02-02 06:00:00,40.95379638671875,40.90993118286133,23763456,41.87213897705078,41.87213897705078
BNB-EUR,2021-02-02 07:00:00,41.890907287597656,41.143524169921875,11537536,41.890907287597656,41.62534713745117
BNB-EUR,2021-02-02 08:00:00,41.5930290222168,41.54185104370117,28788608,42.191768646240234,42.02243423461914
BNB-EUR,2021-02-02 09:00:00,42.0020637512207,41.654541015625,37376896,43.341407775878906,42.72838592529297
BNB-EUR,2021-02-02 10:00:00,42.753780364990234,42.46562957763672,15219328,43.36528396606445,43.35923385620117
BNB-EUR,2021-02-02 11:00:00,43.34421157836914,43.3105354309082,0,43.95261764526367,43.40079116821289
BNB-EUR,2021-02-02 12:00:00,43.36841583251953,43.05165481567383,0,43.57144546508789,43.05165481567383
BNB-EUR,2021-02-02 13:00:00,43.03186798095703,42.29880905151367,0,43.33245849609375,42.29880905151367
BNB-EUR,2021-02-02 14:00:00,42.26744079589844,41.86845016479492,0,42.544288635253906,42.528141021728516
BNB-EUR,2021-02-02 15:00:00,42.53219223022461,41.872005462646484,0,42.66132736206055,41.8731803894043
BNB-EUR,2021-02-02 16:00:00,41.89288330078125,41.50077438354492,0,41.89288330078125,41.81637191772461
BNB-EUR,2021-02-02 17:00:00,41.80903244018555,41.39067840576172,0,41.838462829589844,41.81936264038086
BNB-EUR,2021-02-02 18:00:00,41.83284378051758,41.58053970336914,0,42.090911865234375,42.07717514038086
BNB-EUR,2021-02-02 19:00:00,42.0976448059082,41.85448455810547,0,42.0976448059082,41.99977111816406
BNB-EUR,2021-02-02 20:00:00,41.995914459228516,41.55345916748047,461888,41.995914459228516,41.70283126831055
BNB-EUR,2021-02-02 21:00:00,41.71818161010742,41.65022659301758,0,41.8286247253418,41.761043548583984
BNB-EUR,2021-02-02 22:00:00,41.76497268676758,41.764488220214844,0,42.635318756103516,42.59264373779297
BNB-EUR,2021-02-02 23:00:00,42.631690979003906,42.3362922668457,0,42.631690979003906,42.3676872253418
BNB-EUR,2021-02-03 00:00:00,42.417049407958984,42.3808479309082,0,42.864322662353516,42.864322662353516
BNB-EUR,2021-02-03 01:00:00,42.84668731689453,42.35952377319336,0,43.158180236816406,42.35952377319336
BNB-EUR,2021-02-03 02:00:00,42.34953308105469,42.34953308105469,0,42.72220993041992,42.6639404296875
BNB-EUR,2021-02-03 03:00:00,42.658843994140625,42.1927604675293,0,42.658843994140625,42.376380920410156
BNB-EUR,2021-02-03 04:00:00,42.37227249145508,42.005950927734375,0,42.402164459228516,42.2309684753418
BNB-EUR,2021-02-03 05:00:00,42.236106872558594,42.028438568115234,0,42.236106872558594,42.028438568115234
BNB-EUR,2021-02-03 06:00:00,42.03343963623047,42.03343963623047,0,42.38973617553711,42.38973617553711
BNB-EUR,2021-02-03 07:00:00,42.37631607055664,41.99013900756836,0,42.49303436279297,41.99013900756836
BNB-EUR,2021-02-03 08:00:00,41.92640686035156,41.50189971923828,0,41.92640686035156,41.843589782714844
BNB-EUR,2021-02-03 09:00:00,41.90475082397461,41.75135040283203,0,42.05832290649414,42.05832290649414
BNB-EUR,2021-02-03 10:00:00,42.05645751953125,42.05092239379883,0,42.63005065917969,42.56947708129883
BNB-EUR,2021-02-03 11:00:00,42.57708740234375,42.57044219970703,0,42.68742752075195,42.57044219970703
BNB-EUR,2021-02-03 12:00:00,42.545345306396484,41.94643783569336,0,42.55448532104492,42.15618133544922
BNB-EUR,2021-02-03 13:00:00,42.147029876708984,42.12541580200195,0,42.41987991333008,42.27162551879883
BNB-EUR,2021-02-03 14:00:00,42.28604507446289,42.142127990722656,0,42.4448356628418,42.40198516845703
BNB-EUR,2021-02-03 15:00:00,42.40068054199219,42.38820266723633,4092032,42.81245422363281,42.72721862792969
BNB-EUR,2021-02-03 16:00:00,42.70344924926758,42.29527282714844,0,42.74140167236328,42.50800323486328
BNB-EUR,2021-02-03 17:00:00,42.502159118652344,42.46638488769531,0,42.793235778808594,42.66804504394531
BNB-EUR,2021-02-03 18:00:00,42.687889099121094,42.687889099121094,2021824,42.931884765625,42.870479583740234
BNB-EUR,2021-02-03 19:00:00,42.870086669921875,42.77510452270508,0,42.870086669921875,42.779075622558594
BNB-EUR,2021-02-03 20:00:00,42.782066345214844,42.53167724609375,0,42.85692596435547,42.76198959350586
BNB-EUR,2021-02-03 21:00:00,42.756832122802734,42.756832122802734,6252608,43.22603225708008,43.21486282348633
BNB-EUR,2021-02-03 22:00:00,43.21554183959961,43.09186935424805,0,43.50042724609375,43.494422912597656
BNB-EUR,2021-02-03 23:00:00,43.479976654052734,43.43157196044922,5166656,43.75166320800781,43.433536529541016
BNB-EUR,2021-02-04 00:00:00,43.38594055175781,43.3840446472168,9703296,44.32091522216797,44.32091522216797
BNB-EUR,2021-02-04 01:00:00,44.38587188720703,43.8618278503418,740352,44.38587188720703,44.05234909057617
BNB-EUR,2021-02-04 02:00:00,44.050899505615234,43.5900764465332,0,44.12267303466797,43.825862884521484
BNB-EUR,2021-02-04 03:00:00,43.82444381713867,43.610557556152344,0,44.0827522277832,43.66139602661133
BNB-EUR,2021-02-04 04:00:00,43.591156005859375,43.576133728027344,0,44.18964385986328,44.18964385986328
BNB-EUR,2021-02-04 05:00:00,44.182472229003906,43.80675506591797,0,44.287498474121094,43.813568115234375
BNB-EUR,2021-02-04 06:00:00,43.80653381347656,43.76788330078125,10700352,44.137813568115234,44.064815521240234
BNB-EUR,2021-02-04 07:00:00,44.081993103027344,44.07894515991211,9408768,44.39293670654297,44.22148895263672
BNB-EUR,2021-02-04 08:00:00,44.206241607666016,43.774288177490234,0,44.43819046020508,43.94286346435547
BNB-EUR,2021-02-04 09:00:00,43.925018310546875,43.040218353271484,51795968,43.925018310546875,43.522422790527344
BNB-EUR,2021-02-04 10:00:00,43.552757263183594,43.552757263183594,8136064,44.22951889038086,44.22951889038086
BNB-EUR,2021-02-04 11:00:00,44.22490310668945,44.05506896972656,2061440,44.278690338134766,44.20197296142578
BNB-EUR,2021-02-04 12:00:00,44.13060760498047,44.000308990478516,12098112,45.1051025390625,45.06952667236328
BNB-EUR,2021-02-04 13:00:00,45.074073791503906,44.78173065185547,2351424,45.180320739746094,44.92483901977539
BNB-EUR,2021-02-04 14:00:00,45.01316452026367,44.757720947265625,8054976,45.40615463256836,44.757720947265625
BNB-EUR,2021-02-04 15:00:00,44.73981475830078,43.978050231933594,2424960,44.79755783081055,44.454139709472656
BNB-EUR,2021-02-04 16:00:00,44.413997650146484,44.37178421020508,13174848,45.15879440307617,45.10270690917969
BNB-EUR,2021-02-04 17:00:00,45.129852294921875,45.129852294921875,3855808,45.419795989990234,45.36497497558594
BNB-EUR,2021-02-04 18:00:00,45.383094787597656,45.23703384399414,16491328,46.0414924621582,45.92287063598633
BNB-EUR,2021-02-04 19:00:00,45.947113037109375,45.924564361572266,18203584,46.666038513183594,46.666038513183594
BNB-EUR,2021-02-04 20:00:00,46.76720428466797,46.42213821411133,12366336,46.90948486328125,46.785560607910156
BNB-EUR,2021-02-04 21:00:00,46.79241943359375,46.79241943359375,18558720,47.6756706237793,47.6756706237793
BNB-EUR,2021-02-04 22:00:00,47.66408920288086,46.09123229980469,10087936,47.69621276855469,46.81766128540039
BNB-EUR,2021-02-04 23:00:00,46.801719665527344,46.76449966430664,4430528,47.40150451660156,46.79164505004883
BNB-EUR,2021-02-05 00:00:00,46.73729705810547,46.73729705810547,23161280,47.917625427246094,47.796539306640625
BNB-EUR,2021-02-05 01:00:00,47.834381103515625,47.364253997802734,0,48.27974319458008,47.52531814575195
BNB-EUR,2021-02-05 02:00:00,47.3907585144043,47.32465744018555,6060224,47.64826202392578,47.46630096435547
BNB-EUR,2021-02-05 03:00:00,47.482994079589844,47.160587310791016,10856832,47.53178024291992,47.38511276245117
BNB-EUR,2021-02-05 04:00:00,47.42275619506836,47.336265563964844,3784512,47.52688980102539,47.34259796142578
BNB-EUR,2021-02-05 05:00:00,47.34419250488281,47.12702178955078,1959168,47.49982452392578,47.18449401855469
BNB-EUR,2021-02-05 06:00:00,47.193599700927734,47.193599700927734,19743616,48.33232498168945,48.33232498168945
BNB-EUR,2021-02-05 07:00:00,48.31182098388672,48.23961639404297,4636160,48.5152587890625,48.44364929199219
BNB-EUR,2021-02-05 08:00:00,48.41746520996094,47.80780792236328,0,48.4450798034668,48.4450798034668
BNB-EUR,2021-02-05 09:00:00,48.46311569213867,48.46311569213867,315520,49.56916427612305,48.94867706298828
BNB-EUR,2021-02-05 10:00:00,48.91735076904297,48.845619201660156,14069888,49.575782775878906,49.156131744384766
BNB-EUR,2021-02-05 11:00:00,49.18609619140625,49.182151794433594,15227648,49.940921783447266,49.834136962890625
BNB-EUR,2021-02-05 12:00:00,49.854087829589844,49.3204460144043,0,50.00294876098633,49.407386779785156
BNB-EUR,2021-02-05 13:00:00,49.389801025390625,49.389801025390625,23740736,50.152801513671875,49.86172103881836
BNB-EUR,2021-02-05 14:00:00,49.84293746948242,49.39973449707031,0,49.84293746948242,49.66695785522461
BNB-EUR,2021-02-05 15:00:00,49.70774459838867,49.32194900512695,31413568,51.068641662597656,50.69849395751953
BNB-EUR,2021-02-05 16:00:00,50.66676330566406,49.51805114746094,3691520,51.028053283691406,49.51805114746094
BNB-EUR,2021-02-05 17:00:00,49.64583206176758,49.64583206176758,21764864,50.68166732788086,50.68166732788086
BNB-EUR,2021-02-05 18:00:00,50.7083740234375,50.58884048461914,20775424,51.597347259521484,51.00685501098633
BNB-EUR,2021-02-05 19:00:00,50.9710578918457,50.81659698486328,20512704,51.95460510253906,51.94856643676758
BNB-EUR,2021-02-05 20:00:00,52.015625,51.89557647705078,54989504,53.70848846435547,52.736148834228516
BNB-EUR,2021-02-05 21:00:00,52.80791091918945,52.474647521972656,66164992,54.902408599853516,54.902408599853516
BNB-EUR,2021-02-05 22:00:00,54.91117477416992,54.23417282104492,52469888,56.471282958984375,55.67117691040039
BNB-EUR,2021-02-05 23:00:00,55.578392028808594,55.32013702392578,46166400,56.822349548339844,56.405235290527344
BNB-EUR,2021-02-06 00:00:00,56.309104919433594,53.58194351196289,0,56.3166389465332,54.588077545166016
BNB-EUR,2021-02-06 01:00:00,54.660423278808594,51.62907409667969,18608512,55.33148193359375,52.881561279296875
BNB-EUR,2021-02-06 02:00:00,52.801719665527344,52.801719665527344,83934592,54.71819305419922,53.99768829345703
BNB-EUR,2021-02-06 03:00:00,53.966548919677734,53.783348083496094,25855360,54.69377899169922,53.96479034423828
BNB-EUR,2021-02-06 04:00:00,54.01008224487305,53.631351470947266,40583936,54.60934066772461,54.10419464111328
BNB-EUR,2021-02-06 05:00:00,54.093528747558594,53.88155746459961,14850304,54.77772521972656,54.7674674987793
BNB-EUR,2021-02-06 06:00:00,54.785587310791016,54.70780944824219,76007552,57.84430694580078,57.84430694580078
BNB-EUR,2021-02-06 07:00:00,57.82186508178711,56.864131927490234,119046400,59.47236633300781,58.223960876464844
BNB-EUR,2021-02-06 08:00:00,58.28523254394531,58.28523254394531,93364096,60.10614776611328,60.0713005065918
BNB-EUR,2021-02-06 09:00:00,60.07844543457031,59.618595123291016,112510592,62.486732482910156,61.58427810668945
BNB-EUR,2021-02-06 10:00:00,61.707618713378906,60.30638122558594,35038336,62.5791130065918,60.30638122558594
BNB-EUR,2021-02-06 11:00:00,60.163360595703125,59.478919982910156,62075136,61.388240814208984,61.388240814208984
BNB-EUR,2021-02-06 12:00:00,61.25143814086914,61.052616119384766,32634624,61.928062438964844,61.41415786743164
BNB-EUR,2021-02-06 13:00:00,61.39860534667969,61.248077392578125,10532608,62.5578727722168,62.06440353393555
BNB-EUR,2021-02-06 14:00:00,61.956295013427734,60.42229080200195,0,62.045589447021484,60.684326171875
BNB-EUR,2021-02-06 15:00:00,60.75480651855469,59.53451156616211,0,60.79393768310547,59.53451156616211
BNB-EUR,2021-02-06 16:00:00,59.45964813232422,59.3944091796875,48440320,61.524959564208984,61.01094055175781
BNB-EUR,2021-02-06 17:00:00,60.93428039550781,60.13056564331055,0,60.940311431884766,60.56718826293945
BNB-EUR,2021-02-06 18:00:00,60.582305908203125,58.90070724487305,0,60.582305908203125,58.9996452331543
BNB-EUR,2021-02-06 19:00:00,59.01773452758789,58.38621139526367,7756928,59.103782653808594,58.91204071044922
BNB-EUR,2021-02-06 20:00:00,58.98430633544922,58.431888580322266,0,59.265499114990234,58.94668197631836
BNB-EUR,2021-02-06 21:00:00,58.95702362060547,58.95702362060547,8256768,60.61127471923828,60.61127471923828
BNB-EUR,2021-02-06 22:00:00,60.594173431396484,60.25876998901367,0,60.819698333740234,60.617496490478516
BNB-EUR,2021-02-06 23:00:00,60.7103271484375,59.53457260131836,0,60.94551467895508,60.3216667175293
BNB-EUR,2021-02-07 00:00:00,60.36459732055664,60.30175018310547,0,61.92401123046875,61.08598327636719
BNB-EUR,2021-02-07 01:00:00,61.14873504638672,59.34226989746094,0,61.28343200683594,59.34226989746094
BNB-EUR,2021-02-07 02:00:00,59.24689865112305,57.372501373291016,0,59.33320236206055,59.33320236206055
BNB-EUR,2021-02-07 03:00:00,59.39730453491211,57.69723129272461,0,59.39730453491211,57.92184066772461
BNB-EUR,2021-02-07 04:00:00,57.95722198486328,56.809085845947266,3483008,58.48421859741211,57.412872314453125
BNB-EUR,2021-02-07 05:00:00,57.37547302246094,56.750431060791016,21245824,57.745975494384766,57.3074951171875
BNB-EUR,2021-02-07 06:00:00,57.28565216064453,56.74654769897461,0,57.949951171875,57.547977447509766
BNB-EUR,2021-02-07 07:00:00,57.522640228271484,57.49713134765625,0,59.20454788208008,59.10810852050781
BNB-EUR,2021-02-07 08:00:00,59.104225158691406,57.8038215637207,0,59.15787124633789,57.8038215637207
BNB-EUR,2021-02-07 09:00:00,57.863914489746094,57.842689514160156,0,58.6761589050293,58.11145782470703
BNB-EUR,2021-02-07 10:00:00,58.12873077392578,58.12873077392578,0,59.03430938720703,58.441402435302734
BNB-EUR,2021-02-07 11:00:00,58.44127655029297,57.73966979980469,0,58.599342346191406,58.19242858886719
BNB-EUR,2021-02-07 12:00:00,58.264095306396484,57.88508605957031,0,58.58185577392578,58.43827819824219
BNB-EUR,2021-02-07 13:00:00,58.47122573852539,57.99266052246094,0,58.82059097290039,58.01750564575195
BNB-EUR,2021-02-07 14:00:00,58.00398635864258,56.72605514526367,0,58.05754470825195,56.72605514526367
BNB-EUR,2021-02-07 15:00:00,56.76243209838867,54.70911407470703,0,56.98814392089844,55.53668212890625
BNB-EUR,2021-02-07 16:00:00,55.54481506347656,53.529449462890625,11364992,55.54481506347656,55.3858528137207
BNB-EUR,2021-02-07 17:00:00,55.43678665161133,55.338035583496094,21331968,56.27677917480469,55.73374938964844
BNB-EUR,2021-02-07 18:00:00,55.686580657958984,55.29780960083008,0,56.393089294433594,56.393089294433594
BNB-EUR,2021-02-07 19:00:00,56.36705017089844,56.03500747680664,0,57.00652313232422,56.296382904052734
BNB-EUR,2021-02-07 20:00:00,56.240928649902344,55.662628173828125,0,56.28214645385742,55.996604919433594
BNB-EUR,2021-02-07 21:00:00,56.00265884399414,56.00265884399414,0,56.76549530029297,56.62388610839844
BNB-EUR,2021-02-07 22:00:00,56.608116149902344,55.5123176574707,0,56.608116149902344,56.11393356323242
BNB-EUR,2021-02-07 23:00:00,56.14994812011719,56.14994812011719,9856896,57.29778289794922,56.90195846557617
BNB-EUR,2021-02-08 00:00:00,56.92800521850586,56.69710922241211,0,57.904598236083984,57.17056655883789
BNB-EUR,2021-02-08 01:00:00,57.12678909301758,56.83828353881836,0,57.379608154296875,57.255226135253906
BNB-EUR,2021-02-08 02:00:00,57.25739669799805,56.388648986816406,0,57.72233963012695,56.747188568115234
BNB-EUR,2021-02-08 03:00:00,56.80317306518555,56.7451286315918,19762944,58.03925323486328,57.96932601928711
BNB-EUR,2021-02-08 04:00:00,57.872093200683594,57.77050018310547,73099904,61.14073181152344,59.622989654541016
BNB-EUR,2021-02-08 05:00:00,59.62826156616211,59.450408935546875,0,60.1394157409668,60.02241134643555
BNB-EUR,2021-02-08 06:00:00,60.04151153564453,59.78212356567383,0,60.226104736328125,59.91461181640625
BNB-EUR,2021-02-08 07:00:00,59.950096130371094,59.93443298339844,44867712,62.173126220703125,60.94615936279297
BNB-EUR,2021-02-08 08:00:00,61.033447265625,59.28376007080078,0,61.033447265625,59.28376007080078
BNB-EUR,2021-02-08 09:00:00,59.31914520263672,59.2803840637207,46426240,60.38718795776367,59.2803840637207
BNB-EUR,2021-02-08 10:00:00,59.247005462646484,59.2330207824707,57735424,60.37236785888672,60.24886703491211
BNB-EUR,2021-02-08 11:00:00,60.292057037353516,59.78221130371094,23238784,60.35999298095703,60.20816421508789
BNB-EUR,2021-02-08 12:00:00,60.220130920410156,59.712589263916016,37199488,60.698028564453125,60.17955780029297
BNB-EUR,2021-02-08 13:00:00,60.28207778930664,59.55424880981445,40031488,60.416221618652344,60.343017578125
BNB-EUR,2021-02-08 14:00:00,60.43482208251953,60.43482208251953,91348480,62.37412643432617,62.14107894897461
BNB-EUR,2021-02-08 15:00:00,62.19065856933594,61.362892150878906,0,62.331260681152344,61.37068557739258
BNB-EUR,2021-02-08 16:00:00,61.24973678588867,61.1275634765625,0,61.784244537353516,61.72042465209961
BNB-EUR,2021-02-08 17:00:00,61.66047286987305,61.068119049072266,0,61.723388671875,61.723388671875
BNB-EUR,2021-02-08 18:00:00,61.65949630737305,61.47846221923828,12186112,61.83158493041992,61.83158493041992
BNB-EUR,2021-02-08 19:00:00,61.82251739501953,61.82251739501953,32860160,62.86161804199219,62.86161804199219
BNB-EUR,2021-02-08 20:00:00,62.96427917480469,62.807090759277344,52931456,64.1360092163086,63.335941314697266
BNB-EUR,2021-02-08 21:00:00,63.339378356933594,63.26853561401367,46029440,64.80821228027344,64.2337417602539
BNB-EUR,2021-02-08 22:00:00,64.13961791992188,64.03016662597656,37596928,65.50341796875,65.50341796875
BNB-EUR,2021-02-08 23:00:00,65.50684356689453,64.75653839111328,33849344,66.12980651855469,66.12980651855469
BNB-EUR,2021-02-09 00:00:00,66.23703002929688,65.7038345336914,63598592,67.97061920166016,67.97061920166016
BNB-EUR,2021-02-09 01:00:00,67.97181701660156,66.68939208984375,1582848,67.97181701660156,66.84505462646484
BNB-EUR,2021-02-09 02:00:00,66.8988037109375,64.95630645751953,0,67.11315155029297,65.21405029296875
BNB-EUR,2021-02-09 03:00:00,65.05255889892578,65.01689147949219,31668352,66.7041015625,66.7041015625
BNB-EUR,2021-02-09 04:00:00,66.75959777832031,66.75959777832031,2690688,69.1995849609375,69.1995849609375
BNB-EUR,2021-02-09 05:00:00,69.14715576171875,69.14715576171875,3816576,70.6243896484375,70.6243896484375
BNB-EUR,2021-02-09 06:00:00,70.66363525390625,70.36506652832031,315133184,78.3040771484375,77.77520751953125
BNB-EUR,2021-02-09 07:00:00,77.75739288330078,75.4990234375,55633152,79.83155059814453,76.30082702636719
BNB-EUR,2021-02-09 08:00:00,76.43187713623047,75.51349639892578,64664320,78.17593383789062,76.94628143310547
BNB-EUR,2021-02-09 09:00:00,77.1813735961914,76.76177978515625,37806848,78.66156005859375,78.02767181396484
BNB-EUR,2021-02-09 10:00:00,77.82865905761719,75.50116729736328,0,77.82865905761719,75.50116729736328
BNB-EUR,2021-02-09 11:00:00,75.51078796386719,75.49698638916016,79738880,78.55105590820312,78.37300872802734
BNB-EUR,2021-02-09 12:00:00,78.22066497802734,76.23188781738281,0,78.51876831054688,76.54805755615234
BNB-EUR,2021-02-09 13:00:00,76.31159973144531,76.0347671508789,287977472,82.70745086669922,81.76272583007812
BNB-EUR,2021-02-09 14:00:00,81.56172943115234,79.81967163085938,57344,81.56172943115234,81.1280746459961
BNB-EUR,2021-02-09 15:00:00,81.14949035644531,81.14949035644531,323707136,87.49406433105469,87.23678588867188
BNB-EUR,2021-02-09 16:00:00,87.35502624511719,86.6753921508789,359532288,95.16993713378906,91.21207427978516
BNB-EUR,2021-02-09 17:00:00,91.580078125,86.83375549316406,137268224,93.7810287475586,88.81172943115234
BNB-EUR,2021-02-09 18:00:00,88.81978607177734,84.55393981933594,14280960,90.51383209228516,85.61479949951172
BNB-EUR,2021-02-09 19:00:00,86.18170166015625,86.18170166015625,157496064,89.00502014160156,88.70690155029297
BNB-EUR,2021-02-09 20:00:00,88.8657455444336,86.38261413574219,0,88.8657455444336,87.49076080322266
BNB-EUR,2021-02-09 21:00:00,87.4613037109375,87.15105438232422,125255424,91.20674133300781,90.34774780273438
BNB-EUR,2021-02-09 22:00:00,90.4054183959961,89.75677490234375,108442880,92.57017517089844,92.42414855957031
BNB-EUR,2021-02-09 23:00:00,92.21426391601562,88.55474090576172,0,92.21426391601562,89.08081817626953
BNB-EUR,2021-02-10 00:00:00,89.1826400756836,89.1826400756836,172329472,94.04180145263672,93.35787963867188
BNB-EUR,2021-02-10 01:00:00,93.36541748046875,92.08208465576172,0,94.68988800048828,92.50560760498047
BNB-EUR,2021-02-10 02:00:00,92.45048522949219,92.30956268310547,121887488,95.40005493164062,95.40005493164062
BNB-EUR,2021-02-10 03:00:00,95.23291778564453,94.27910614013672,40683776,95.44219970703125,95.44219970703125
BNB-EUR,2021-02-10 04:00:00,96.40681457519531,94.31709289550781,256244480,98.93508911132812,98.0605697631836
BNB-EUR,2021-02-10 05:00:00,98.81459045410156,98.58348083496094,722366720,110.24431610107422,108.25896453857422
BNB-EUR,2021-02-10 06:00:00,109.26053619384766,103.95916748046875,6830080,110.88093566894531,105.6151123046875
BNB-EUR,2021-02-10 07:00:00,105.9749984741211,105.9749984741211,460526080,117.29631042480469,117.29631042480469
BNB-EUR,2021-02-10 08:00:00,117.24368286132812,115.96422576904297,381011456,121.66822814941406,121.66822814941406
BNB-EUR,2021-02-10 09:00:00,121.6696548461914,115.4514389038086,28662784,121.92514038085938,115.4514389038086
BNB-EUR,2021-02-10 10:00:00,114.45862579345703,114.45862579345703,248760832,120.00849914550781,119.33244323730469
BNB-EUR,2021-02-10 11:00:00,119.30644226074219,110.39361572265625,0,119.52674865722656,110.39361572265625
BNB-EUR,2021-02-10 12:00:00,110.2166976928711,97.36800384521484,132323328,111.125732421875,105.11390686035156
BNB-EUR,2021-02-10 13:00:00,105.94204711914062,103.82964324951172,202284544,109.07510375976562,108.0326919555664
BNB-EUR,2021-02-10 14:00:00,107.67255401611328,99.8384017944336,0,109.77330780029297,99.8384017944336
BNB-EUR,2021-02-10 15:00:00,99.8794937133789,96.45903778076172,0,102.47887420654297,99.7655258178711
BNB-EUR,2021-02-10 16:00:00,99.1519775390625,99.1519775390625,51280384,105.92646789550781,105.22270202636719
BNB-EUR,2021-02-10 17:00:00,105.24095916748047,103.11812591552734,46175744,109.31510162353516,109.31510162353516
BNB-EUR,2021-02-10 18:00:00,109.27809143066406,104.93020629882812,0,109.31412506103516,105.8570327758789
BNB-EUR,2021-02-10 19:00:00,106.03520202636719,103.92054748535156,0,106.03520202636719,105.72496795654297
BNB-EUR,2021-02-10 20:00:00,105.63394165039062,99.92996978759766,0,105.63394165039062,101.42735290527344
BNB-EUR,2021-02-10 21:00:00,101.45001983642578,101.24164581298828,134803968,105.84636688232422,104.09596252441406
BNB-EUR,2021-02-10 22:00:00,104.13766479492188,103.67510986328125,0,105.77798461914062,105.17440795898438
BNB-EUR,2021-02-10 23:00:00,105.16700744628906,103.728515625,83966464,107.64543914794922,107.1809310913086
BNB-EUR,2021-02-11 00:00:00,106.69285583496094,102.20142364501953,0,106.71224212646484,102.78392791748047
BNB-EUR,2021-02-11 01:00:00,102.65128326416016,101.01793670654297,55397888,104.5916976928711,104.24298858642578
BNB-EUR,2021-02-11 02:00:00,104.1278305053711,103.70409393310547,0,104.83087158203125,104.2780990600586
BNB-EUR,2021-02-11 03:00:00,104.27418518066406,104.25643920898438,0,104.33525848388672,104.31141662597656
BNB-EUR,2021-02-11 04:00:00,104.32185363769531,102.67410278320312,0,104.32185363769531,102.67410278320312
BNB-EUR,2021-02-11 05:00:00,102.71217346191406,102.7108154296875,2727310976,106.86843872070312,104.62256622314453
BNB-EUR,2021-02-11 06:00:00,104.72887420654297,103.06295013427734,0,105.24085998535156,103.81649017333984
BNB-EUR,2021-02-11 07:00:00,103.7669677734375,100.55587005615234,0,104.26670837402344,100.95507049560547
BNB-EUR,2021-02-11 08:00:00,101.16769409179688,100.34871673583984,0,102.05856323242188,101.5478515625
BNB-EUR,2021-02-11 09:00:00,101.65843200683594,100.27023315429688,0,102.19152069091797,102.19152069091797
BNB-EUR,2021-02-11 10:00:00,102.52105712890625,101.16563415527344,0,103.1889419555664,102.11592102050781
BNB-EUR,2021-02-11 11:00:00,102.03182983398438,98.93719482421875,0,102.7395248413086,98.93719482421875
BNB-EUR,2021-02-11 12:00:00,98.43379974365234,98.20403289794922,0,100.2032241821289,100.2032241821289
BNB-EUR,2021-02-11 13:00:00,100.29473114013672,100.29473114013672,5978624,108.28057861328125,104.82559967041016
BNB-EUR,2021-02-11 14:00:00,104.58075714111328,104.30634307861328,0,106.94478607177734,105.20378112792969
BNB-EUR,2021-02-11 15:00:00,105.0934829711914,104.40583038330078,0,105.62564086914062,105.1731948852539
BNB-EUR,2021-02-11 16:00:00,105.10569763183594,101.23934936523438,0,105.4968490600586,101.88761901855469
BNB-EUR,2021-02-11 17:00:00,102.11183166503906,101.1981201171875,0,102.19029998779297,101.51433563232422
BNB-EUR,2021-02-11 18:00:00,101.48881530761719,101.48881530761719,0,103.76687622070312,102.28531646728516
BNB-EUR,2021-02-11 19:00:00,102.20254516601562,100.32193756103516,0,102.20254516601562,100.540771484375
BNB-EUR,2021-02-11 20:00:00,100.48451232910156,99.65644836425781,0,102.04838562011719,99.90438842773438
BNB-EUR,2021-02-11 21:00:00,100.2332534790039,99.61653137207031,0,100.9526596069336,100.33548736572266
BNB-EUR,2021-02-11 22:00:00,100.29326629638672,100.23358917236328,73351680,103.37788391113281,102.8216552734375
BNB-EUR,2021-02-11 23:00:00,102.45613861083984,101.9792251586914,0,103.07540893554688,102.45880126953125
BNB-EUR,2021-02-12 00:00:00,102.57837677001953,100.79247283935547,0,102.57837677001953,101.40503692626953
BNB-EUR,2021-02-12 01:00:00,101.59614562988281,101.23918914794922,0,102.71359252929688,102.470703125
BNB-EUR,2021-02-12 02:00:00,102.44066619873047,102.44066619873047,65358592,105.00023651123047,103.57671356201172
BNB-EUR,2021-02-12 03:00:00,103.47114562988281,102.36571502685547,29160704,103.5456771850586,102.48905181884766
BNB-EUR,2021-02-12 04:00:00,102.41307067871094,100.41716003417969,54825728,102.41307067871094,101.2973861694336
BNB-EUR,2021-02-12 05:00:00,101.42970275878906,101.4174575805664,1692160,103.85565185546875,103.29108428955078
BNB-EUR,2021-02-12 06:00:00,103.22854614257812,101.9333724975586,0,103.92672729492188,103.48627471923828
BNB-EUR,2021-02-12 07:00:00,103.3973617553711,101.99357604980469,0,103.83325958251953,102.3401107788086
BNB-EUR,2021-02-12 08:00:00,102.29973602294922,102.29973602294922,0,104.01971435546875,104.01971435546875
BNB-EUR,2021-02-12 09:00:00,104.13424682617188,103.29863739013672,16354048,106.00495910644531,103.9545669555664
BNB-EUR,2021-02-12 10:00:00,103.98872375488281,103.9366683959961,833792,105.44657135009766,105.13777923583984
BNB-EUR,2021-02-12 11:00:00,105.1489028930664,105.03772735595703,22688000,107.96670532226562,107.87055969238281
BNB-EUR,2021-02-12 12:00:00,107.9900131225586,107.72277069091797,276905984,115.80986785888672,114.43219757080078
BNB-EUR,2021-02-12 13:00:00,114.0982894897461,110.14885711669922,0,114.7855453491211,110.59872436523438
BNB-EUR,2021-02-12 14:00:00,110.77537536621094,105.89923095703125,0,111.89620971679688,107.52813720703125
BNB-EUR,2021-02-12 15:00:00,107.4325942993164,107.4325942993164,99526400,111.16189575195312,110.82950592041016
BNB-EUR,2021-02-12 16:00:00,110.92259216308594,110.63961029052734,30592512,114.11471557617188,112.04298400878906
BNB-EUR,2021-02-12 17:00:00,112.06285858154297,112.06285858154297,39579392,114.15994262695312,113.93354797363281
BNB-EUR,2021-02-12 18:00:00,113.8755111694336,110.87128448486328,0,113.88066864013672,111.40167236328125
BNB-EUR,2021-02-12 19:00:00,111.51708221435547,110.50527954101562,0,112.02332305908203,111.67591094970703
BNB-EUR,2021-02-12 20:00:00,111.7774887084961,111.19720458984375,0,112.94338989257812,111.48609924316406
BNB-EUR,2021-02-12 21:00:00,111.5243911743164,110.51002502441406,0,111.74321746826172,110.6138916015625
BNB-EUR,2021-02-12 22:00:00,110.60931396484375,110.33116149902344,0,112.25004577636719,112.06702423095703
BNB-EUR,2021-02-12 23:00:00,112.07992553710938,111.4838638305664,0,112.83778381347656,112.83778381347656
BNB-EUR,2021-02-13 00:00:00,112.9922866821289,111.60417175292969,0,114.24816131591797,111.60417175292969
BNB-EUR,2021-02-13 01:00:00,111.60564422607422,111.035888671875,5694208,112.0055160522461,111.82896423339844
BNB-EUR,2021-02-13 02:00:00,111.89077758789062,110.89720153808594,0,111.89077758789062,111.02088165283203
BNB-EUR,2021-02-13 03:00:00,110.91578674316406,109.69964599609375,0,110.91578674316406,110.29644775390625
BNB-EUR,2021-02-13 04:00:00,110.2994384765625,110.1299057006836,0,110.96253967285156,110.69181823730469
BNB-EUR,2021-02-13 05:00:00,110.71817016601562,109.91407775878906,0,111.09282684326172,110.13358306884766
BNB-EUR,2021-02-13 06:00:00,110.15599060058594,108.8619613647461,0,110.3066635131836,110.0849380493164
BNB-EUR,2021-02-13 07:00:00,110.0472640991211,108.09864044189453,0,110.15580749511719,108.33197784423828
BNB-EUR,2021-02-13 08:00:00,108.32417297363281,107.9604721069336,26462976,110.06239318847656,109.77091217041016
BNB-EUR,2021-02-13 09:00:00,109.73811340332031,108.33245086669922,0,109.73945617675781,108.40664672851562
BNB-EUR,2021-02-13 10:00:00,108.3377914428711,104.75381469726562,8968448,108.36566162109375,105.43345642089844
BNB-EUR,2021-02-13 11:00:00,105.32191467285156,103.73225402832031,0,106.49405670166016,105.14865112304688
BNB-EUR,2021-02-13 12:00:00,105.13333129882812,104.5514144897461,0,107.0697021484375,106.55326080322266
BNB-EUR,2021-02-13 13:00:00,106.6080322265625,106.05229949951172,0,108.77201080322266,108.2168960571289
BNB-EUR,2021-02-13 14:00:00,108.22943115234375,106.8487777709961,0,108.34811401367188,107.48472595214844
BNB-EUR,2021-02-13 15:00:00,107.48953247070312,107.48953247070312,0,108.77218627929688,107.87750244140625
BNB-EUR,2021-02-13 16:00:00,108.04067993164062,107.55414581298828,2357504,108.71377563476562,107.98162841796875
BNB-EUR,2021-02-13 17:00:00,107.8978271484375,107.32473754882812,0,108.08641052246094,107.63916015625
BNB-EUR,2021-02-13 18:00:00,107.68318939208984,107.68318939208984,0,109.43485260009766,109.17378997802734
BNB-EUR,2021-02-13 19:00:00,109.173583984375,108.7085952758789,391936,110.13733673095703,110.13733673095703
BNB-EUR,2021-02-13 20:00:00,110.20217895507812,107.85860443115234,0,110.20217895507812,108.35942840576172
BNB-EUR,2021-02-13 21:00:00,108.36045837402344,108.21949768066406,12639616,109.40644836425781,109.33546447753906
BNB-EUR,2021-02-13 22:00:00,109.34999084472656,108.49573516845703,0,110.13362884521484,110.03607940673828
BNB-EUR,2021-02-13 23:00:00,109.99352264404297,109.95814514160156,0,111.24273681640625,110.22026062011719
BNB-EUR,2021-02-14 00:00:00,110.1050033569336,108.63912200927734,0,110.73027038574219,108.88721466064453
BNB-EUR,2021-02-14 01:00:00,108.9516372680664,107.48004150390625,0,109.16372680664062,107.68026733398438
BNB-EUR,2021-02-14 02:00:00,107.68907165527344,107.68907165527344,9758208,108.81842803955078,108.2168197631836
BNB-EUR,2021-02-14 03:00:00,108.23958587646484,106.95295715332031,0,108.45221710205078,106.95295715332031
BNB-EUR,2021-02-14 04:00:00,106.87765502929688,106.43971252441406,0,107.63856506347656,107.14984893798828
BNB-EUR,2021-02-14 05:00:00,107.12850189208984,106.21515655517578,0,107.43787384033203,106.6155014038086
BNB-EUR,2021-02-14 06:00:00,106.5465316772461,106.20996856689453,50716800,109.39448547363281,109.32555389404297
BNB-EUR,2021-02-14 07:00:00,109.24687194824219,107.53343200683594,0,109.24687194824219,107.53343200683594
BNB-EUR,2021-02-14 08:00:00,107.52241516113281,107.50430297851562,0,108.46575927734375,108.04718780517578
BNB-EUR,2021-02-14 09:00:00,108.02766418457031,108.0165023803711,0,108.97978973388672,108.68891906738281
BNB-EUR,2021-02-14 10:00:00,108.70256805419922,108.66748046875,17614592,112.14532470703125,110.7357406616211
BNB-EUR,2021-02-14 11:00:00,110.75572204589844,109.77281188964844,0,111.88221740722656,111.88221740722656
BNB-EUR,2021-02-14 12:00:00,111.96562957763672,111.25775146484375,70201088,114.22628021240234,113.65364837646484
BNB-EUR,2021-02-14 13:00:00,113.74406433105469,110.71639251708984,0,114.48113250732422,110.98211669921875
BNB-EUR,2021-02-14 14:00:00,110.8512954711914,108.55740356445312,31536640,112.40300750732422,109.9117431640625
BNB-EUR,2021-02-14 15:00:00,109.78522491455078,107.41747283935547,27768192,110.4156494140625,108.18025970458984
BNB-EUR,2021-02-14 16:00:00,108.35208892822266,108.35208892822266,45094400,110.5629653930664,110.5629653930664
BNB-EUR,2021-02-14 17:00:00,110.6300277709961,109.29080200195312,5649408,111.0762939453125,109.29080200195312
BNB-EUR,2021-02-14 18:00:00,109.22350311279297,109.06291198730469,1157888,110.14556884765625,110.14556884765625
BNB-EUR,2021-02-14 19:00:00,110.14752197265625,109.45635223388672,10539648,110.87857818603516,110.77330780029297
BNB-EUR,2021-02-14 20:00:00,110.68704223632812,110.14631652832031,4897280,111.81808471679688,111.62281036376953
BNB-EUR,2021-02-14 21:00:00,111.62928771972656,111.43167114257812,33410560,113.677978515625,113.23992156982422
BNB-EUR,2021-02-14 22:00:00,113.29093933105469,111.36597442626953,0,113.29093933105469,112.08380889892578
BNB-EUR,2021-02-14 23:00:00,112.15790557861328,112.15790557861328,31343872,113.73788452148438,112.8519058227539
BNB-EUR,2021-02-15 00:00:00,112.55828857421875,111.830078125,17206528,114.85086822509766,111.830078125
BNB-EUR,2021-02-15 01:00:00,111.83436584472656,107.79033660888672,18380800,111.99142456054688,109.13689422607422
BNB-EUR,2021-02-15 02:00:00,108.96112823486328,98.7056884765625,93650048,109.3500747680664,104.70502471923828
BNB-EUR,2021-02-15 03:00:00,104.74636840820312,102.869140625,67909632,105.0644760131836,104.47777557373047
BNB-EUR,2021-02-15 04:00:00,104.50654602050781,100.7959976196289,38101376,104.54914093017578,103.1845703125
BNB-EUR,2021-02-15 05:00:00,103.1052474975586,102.6533432006836,36364032,104.3790054321289,103.3615951538086
BNB-EUR,2021-02-15 06:00:00,103.35517120361328,103.35517120361328,61589760,106.47652435302734,106.28069305419922
BNB-EUR,2021-02-15 07:00:00,106.1894760131836,105.92825317382812,50270720,108.3924789428711,107.07192993164062
BNB-EUR,2021-02-15 08:00:00,107.21219635009766,106.27363586425781,19101440,107.5103530883789,106.90636444091797
BNB-EUR,2021-02-15 09:00:00,107.05047607421875,105.95816802978516,16665600,107.16202545166016,107.10904693603516
BNB-EUR,2021-02-15 10:00:00,107.20779418945312,106.8011703491211,0,107.69827270507812,107.4803695678711
BNB-EUR,2021-02-15 11:00:00,107.3787612915039,107.3787612915039,44318976,110.2297134399414,109.18911743164062
BNB-EUR,2021-02-15 12:00:00,109.0936050415039,108.30320739746094,0,109.2733383178711,109.25131225585938
BNB-EUR,2021-02-15 13:00:00,109.15221405029297,108.4296875,0,109.55272674560547,108.7601547241211
BNB-EUR,2021-02-15 14:00:00,108.77250671386719,107.75533294677734,0,109.2056655883789,108.28109741210938
BNB-EUR,2021-02-15 15:00:00,108.05435943603516,107.8262710571289,0,108.72466278076172,108.45980072021484
BNB-EUR,2021-02-15 16:00:00,108.45287322998047,108.44822692871094,3304832,109.66769409179688,109.16331481933594
BNB-EUR,2021-02-15 17:00:00,109.08946228027344,108.96369171142578,0,109.75537872314453,108.96369171142578
BNB-EUR,2021-02-15 18:00:00,108.97380828857422,108.86183166503906,0,109.41790008544922,108.86183166503906
BNB-EUR,2021-02-15 19:00:00,108.86683654785156,108.74340057373047,0,109.44744873046875,109.247802734375
BNB-EUR,2021-02-15 20:00:00,109.27239990234375,109.03400421142578,0,109.89653015136719,109.03400421142578
BNB-EUR,2021-02-15 21:00:00,109.045654296875,107.1985855102539,0,109.33838653564453,107.1985855102539
BNB-EUR,2021-02-15 22:00:00,107.1080551147461,106.77135467529297,26025344,107.91449737548828,107.5530014038086
BNB-EUR,2021-02-15 23:00:00,107.57827758789062,106.54930114746094,0,108.22623443603516,106.55687713623047
BNB-EUR,2021-02-16 00:00:00,106.79658508300781,104.53771209716797,7277952,107.01564025878906,106.64371490478516
BNB-EUR,2021-02-16 01:00:00,106.60651397705078,106.60651397705078,0,108.15347290039062,107.2225341796875
BNB-EUR,2021-02-16 02:00:00,107.27828216552734,107.06040954589844,0,108.56632995605469,108.09046936035156
BNB-EUR,2021-02-16 03:00:00,108.0904541015625,107.56855010986328,0,108.2035903930664,107.58104705810547
BNB-EUR,2021-02-16 04:00:00,107.64619445800781,106.94269561767578,0,107.7583999633789,107.3635482788086
BNB-EUR,2021-02-16 05:00:00,107.46283721923828,107.46119689941406,0,108.79505157470703,107.66009521484375
BNB-EUR,2021-02-16 06:00:00,107.67439270019531,105.9748764038086,0,107.67439270019531,107.19957733154297
BNB-EUR,2021-02-16 07:00:00,107.2552490234375,106.95527648925781,0,107.44345092773438,107.44345092773438
BNB-EUR,2021-02-16 08:00:00,107.44886016845703,106.80619049072266,0,108.0325698852539,108.0325698852539
BNB-EUR,2021-02-16 09:00:00,108.05570983886719,108.05570983886719,42349440,109.68377685546875,109.16929626464844
BNB-EUR,2021-02-16 10:00:00,109.00830078125,107.35961151123047,0,109.2297134399414,107.72425079345703
BNB-EUR,2021-02-16 11:00:00,107.69660949707031,106.83235931396484,0,107.7232437133789,107.1642074584961
BNB-EUR,2021-02-16 12:00:00,107.21121215820312,106.70587921142578,12875904,108.12168884277344,107.7562026977539
BNB-EUR,2021-02-16 13:00:00,107.74058532714844,107.2504653930664,0,108.11233520507812,107.2504653930664
BNB-EUR,2021-02-16 14:00:00,107.24951934814453,106.5460205078125,5163776,107.90054321289062,107.84527587890625
BNB-EUR,2021-02-16 15:00:00,107.86017608642578,107.6962890625,0,108.34686279296875,107.89550018310547
BNB-EUR,2021-02-16 16:00:00,107.81785583496094,106.3775863647461,0,108.05522918701172,106.61376190185547
BNB-EUR,2021-02-16 17:00:00,106.57881164550781,106.4251708984375,6332800,107.13922119140625,106.71005249023438
BNB-EUR,2021-02-16 18:00:00,106.5368423461914,105.40470123291016,18157184,107.01226043701172,107.01226043701172
BNB-EUR,2021-02-16 19:00:00,107.04375457763672,106.28748321533203,6438400,107.37738037109375,106.66019439697266
BNB-EUR,2021-02-16 20:00:00,106.6048355102539,105.2733383178711,7384576,106.61680603027344,105.92781829833984
BNB-EUR,2021-02-16 21:00:00,105.90477752685547,104.7278060913086,0,105.90477752685547,105.81151580810547
BNB-EUR,2021-02-16 22:00:00,105.82687377929688,105.69955444335938,0,107.01612091064453,107.00120544433594
BNB-EUR,2021-02-16 23:00:00,107.00328063964844,106.99125671386719,13076736,107.55220031738281,107.53822326660156
BNB-EUR,2021-02-17 00:00:00,107.61854553222656,107.23055267333984,0,108.33335876464844,107.23055267333984
BNB-EUR,2021-02-17 01:00:00,107.20965576171875,106.78886413574219,0,107.56108856201172,107.0739517211914
BNB-EUR,2021-02-17 02:00:00,107.05799102783203,107.03954315185547,0,107.49166107177734,107.44326782226562
BNB-EUR,2021-02-17 03:00:00,107.41276550292969,106.13912963867188,0,107.44347381591797,106.5758056640625
BNB-EUR,2021-02-17 04:00:00,106.5617904663086,105.1192855834961,0,106.89443969726562,105.68566131591797
BNB-EUR,2021-02-17 05:00:00,105.47228240966797,105.32124328613281,0,106.1959457397461,105.7098388671875
BNB-EUR,2021-02-17 06:00:00,105.8558578491211,105.84680938720703,20836224,106.95418548583984,106.76009368896484
BNB-EUR,2021-02-17 07:00:00,106.71356201171875,106.71356201171875,42002432,108.40242004394531,108.25819396972656
BNB-EUR,2021-02-17 08:00:00,108.57020568847656,107.71118927001953,0,108.57020568847656,107.99580383300781
BNB-EUR,2021-02-17 09:00:00,108.31622314453125,108.31622314453125,54471424,111.9474868774414,111.50022888183594
BNB-EUR,2021-02-17 10:00:00,111.0745849609375,110.89789581298828,39814528,112.71341705322266,112.58061218261719
BNB-EUR,2021-02-17 11:00:00,112.96314239501953,112.96314239501953,270059136,119.76176452636719,116.42664337158203
BNB-EUR,2021-02-17 12:00:00,116.19002532958984,115.00768280029297,85911936,119.01787567138672,115.00768280029297
BNB-EUR,2021-02-17 13:00:00,116.67332458496094,116.45048522949219,157022848,118.2788314819336,117.304443359375
BNB-EUR,2021-02-17 14:00:00,117.46560668945312,117.46560668945312,235260800,122.76991271972656,121.54730224609375
BNB-EUR,2021-02-17 15:00:00,122.02268981933594,121.1572036743164,112382464,122.59505462646484,122.26849365234375
BNB-EUR,2021-02-17 16:00:00,122.29811096191406,122.29811096191406,351785984,129.78672790527344,128.1680145263672
BNB-EUR,2021-02-17 17:00:00,128.5068817138672,126.28092956542969,78625536,129.16954040527344,126.56468963623047
BNB-EUR,2021-02-17 18:00:00,126.88998413085938,126.88998413085938,334440960,134.11679077148438,132.9532470703125
BNB-EUR,2021-02-17 19:00:00,132.8391571044922,131.8839874267578,324995840,139.19381713867188,139.19381713867188
BNB-EUR,2021-02-17 20:00:00,143.1911163330078,137.53248596191406,435673600,145.47125244140625,140.24847412109375
BNB-EUR,2021-02-17 21:00:00,138.5901336669922,137.76011657714844,217189632,143.24745178222656,141.24038696289062
BNB-EUR,2021-02-17 22:00:00,140.97042846679688,136.4419708251953,13473280,141.94285583496094,138.0784454345703
BNB-EUR,2021-02-17 23:00:00,138.7699737548828,133.54385375976562,97990144,138.78030395507812,136.1265411376953
BNB-EUR,2021-02-18 00:00:00,136.99053955078125,136.99053955078125,310162432,143.0286407470703,141.77310180664062
BNB-EUR,2021-02-18 01:00:00,141.14932250976562,137.40386962890625,32334336,141.14932250976562,137.88323974609375
BNB-EUR,2021-02-18 02:00:00,138.16761779785156,138.16761779785156,55545344,140.6873779296875,138.5548095703125
BNB-EUR,2021-02-18 03:00:00,138.38870239257812,137.8397674560547,14896128,139.06150817871094,138.47750854492188
BNB-EUR,2021-02-18 04:00:00,138.07745361328125,135.6340789794922,35956224,138.5084228515625,138.48876953125
BNB-EUR,2021-02-18 05:00:00,138.72018432617188,138.72018432617188,128278528,141.7694854736328,140.5550079345703
BNB-EUR,2021-02-18 06:00:00,140.6034698486328,140.6034698486328,254842368,146.71644592285156,146.71644592285156
BNB-EUR,2021-02-18 07:00:00,147.23768615722656,143.67771911621094,229879296,149.0196533203125,149.0196533203125
BNB-EUR,2021-02-18 08:00:00,149.17881774902344,149.17881774902344,805613568,161.20187377929688,158.71621704101562
BNB-EUR,2021-02-18 09:00:00,156.93702697753906,154.20559692382812,160096256,159.4456787109375,155.8299560546875
BNB-EUR,2021-02-18 10:00:00,155.84654235839844,151.61019897460938,0,155.84654235839844,151.9458770751953
BNB-EUR,2021-02-18 11:00:00,151.5514678955078,151.1927490234375,0,156.85011291503906,154.7173614501953
BNB-EUR,2021-02-18 12:00:00,155.2147979736328,151.7589111328125,0,155.2147979736328,154.68797302246094
BNB-EUR,2021-02-18 13:00:00,156.69757080078125,156.09738159179688,280161792,160.9387969970703,160.83485412597656
BNB-EUR,2021-02-18 14:00:00,159.58651733398438,157.8498992919922,0,161.1146240234375,161.1146240234375
BNB-EUR,2021-02-18 15:00:00,162.19338989257812,161.21792602539062,223913984,164.5535430908203,162.01483154296875
BNB-EUR,2021-02-18 16:00:00,162.1768341064453,161.8955535888672,0,165.10470581054688,164.7343292236328
BNB-EUR,2021-02-18 17:00:00,164.7314453125,158.0814666748047,0,165.1315155029297,160.57191467285156
BNB-EUR,2021-02-18 18:00:00,160.87867736816406,158.4414520263672,0,162.55718994140625,158.4414520263672
BNB-EUR,2021-02-18 19:00:00,158.4837646484375,158.4837646484375,0,161.3416748046875,160.0800018310547
BNB-EUR,2021-02-18 20:00:00,160.1982879638672,159.7410888671875,0,163.8782196044922,163.83584594726562
BNB-EUR,2021-02-18 21:00:00,163.90960693359375,161.2161407470703,0,163.93751525878906,161.2161407470703
BNB-EUR,2021-02-18 22:00:00,161.26673889160156,158.7310028076172,0,161.7712860107422,159.9443359375
BNB-EUR,2021-02-18 23:00:00,160.1163787841797,158.72006225585938,0,162.58843994140625,162.5738983154297
BNB-EUR,2021-02-19 00:00:00,162.0372772216797,161.58792114257812,291238400,171.8916015625,171.01019287109375
BNB-EUR,2021-02-19 01:00:00,170.7729949951172,169.13931274414062,458456064,180.3820037841797,178.486572265625
BNB-EUR,2021-02-19 02:00:00,178.5655975341797,171.5925750732422,98649600,178.5655975341797,176.81964111328125
BNB-EUR,2021-02-19 03:00:00,177.64791870117188,177.64791870117188,958273536,195.334716796875,192.38427734375
BNB-EUR,2021-02-19 04:00:00,191.4226531982422,188.323486328125,616225792,201.28372192382812,201.07398986816406
BNB-EUR,2021-02-19 05:00:00,200.4343719482422,199.97329711914062,1687099392,228.72030639648438,224.87425231933594
BNB-EUR,2021-02-19 06:00:00,224.18560791015625,201.37979125976562,0,225.074462890625,207.39703369140625
BNB-EUR,2021-02-19 07:00:00,207.2696533203125,207.12657165527344,449282048,217.4512176513672,215.58599853515625
BNB-EUR,2021-02-19 08:00:00,215.86154174804688,211.30101013183594,0,222.2596893310547,212.2227020263672
BNB-EUR,2021-02-19 09:00:00,213.04437255859375,207.0532684326172,0,214.20010375976562,210.07357788085938
BNB-EUR,2021-02-19 10:00:00,209.56846618652344,207.54933166503906,317108224,217.02720642089844,216.91830444335938
BNB-EUR,2021-02-19 11:00:00,217.62269592285156,215.57408142089844,71056384,220.04241943359375,217.80076599121094
BNB-EUR,2021-02-19 12:00:00,217.77003479003906,215.1863250732422,260888576,223.83680725097656,220.96974182128906
BNB-EUR,2021-02-19 13:00:00,219.23268127441406,219.23268127441406,1144291328,244.7920684814453,244.74139404296875
BNB-EUR,2021-02-19 14:00:00,244.83299255371094,237.733154296875,2208532480,282.7998962402344,274.7755432128906
BNB-EUR,2021-02-19 15:00:00,264.9527893066406,242.18124389648438,0,269.897216796875,259.2021179199219
BNB-EUR,2021-02-19 16:00:00,259.0312194824219,236.1340789794922,0,261.5382080078125,237.16177368164062
BNB-EUR,2021-02-19 17:00:00,238.73855590820312,238.73855590820312,510011392,249.95626831054688,247.2222442626953
BNB-EUR,2021-02-19 18:00:00,247.6326904296875,247.6326904296875,445372416,259.9823303222656,259.9823303222656
BNB-EUR,2021-02-19 19:00:00,260.4988708496094,254.81324768066406,744947712,271.3017883300781,269.2089538574219
BNB-EUR,2021-02-19 20:00:00,268.58673095703125,265.21929931640625,72607744,272.02484130859375,267.99835205078125
BNB-EUR,2021-02-19 21:00:00,267.9038391113281,259.79254150390625,750823424,276.9513244628906,276.00067138671875
BNB-EUR,2021-02-19 22:00:00,276.6673889160156,270.53076171875,28513280,280.16094970703125,270.7823791503906
BNB-EUR,2021-02-19 23:00:00,271.0868835449219,268.4288330078125,317790208,279.1106262207031,274.4361877441406
BNB-EUR,2021-02-20 00:00:00,274.47540283203125,245.6551513671875,0,275.99298095703125,245.6551513671875
BNB-EUR,2021-02-20 01:00:00,243.84095764160156,225.04183959960938,0,251.5717315673828,236.10787963867188
BNB-EUR,2021-02-20 02:00:00,237.12229919433594,236.42535400390625,1091639296,260.16387939453125,250.5361328125
BNB-EUR,2021-02-20 03:00:00,250.90301513671875,238.3124542236328,0,250.90301513671875,239.38037109375
BNB-EUR,2021-02-20 04:00:00,238.84678649902344,232.12498474121094,0,245.46937561035156,242.16983032226562
BNB-EUR,2021-02-20 05:00:00,241.39231872558594,238.77645874023438,0,246.18521118164062,242.88821411132812
BNB-EUR,2021-02-20 06:00:00,242.70176696777344,241.6650848388672,0,252.11224365234375,250.2157745361328
BNB-EUR,2021-02-20 07:00:00,249.5504150390625,241.39073181152344,0,251.31295776367188,242.7697296142578
BNB-EUR,2021-02-20 08:00:00,242.69229125976562,241.9835662841797,0,248.3132781982422,242.88316345214844
BNB-EUR,2021-02-20 09:00:00,242.34666442871094,241.2598876953125,0,245.41293334960938,244.1431427001953
BNB-EUR,2021-02-20 10:00:00,243.58349609375,242.9605255126953,75218944,248.12197875976562,247.18258666992188
BNB-EUR,2021-02-20 11:00:00,247.0712432861328,246.24557495117188,65929216,251.567138671875,251.00592041015625
BNB-EUR,2021-02-20 12:00:00,251.05235290527344,243.14236450195312,0,251.05235290527344,244.35205078125
BNB-EUR,2021-02-20 13:00:00,244.5255889892578,236.77456665039062,0,246.23187255859375,236.933349609375
BNB-EUR,2021-02-20 14:00:00,236.3668670654297,222.01303100585938,0,241.75039672851562,222.01303100585938
BNB-EUR,2021-02-20 15:00:00,221.96136474609375,221.88864135742188,0,233.23655700683594,226.62078857421875
BNB-EUR,2021-02-20 16:00:00,226.4541778564453,226.08070373535156,0,231.87255859375,228.73486328125
BNB-EUR,2021-02-20 17:00:00,228.84896850585938,228.84896850585938,56050176,237.55308532714844,232.03988647460938
BNB-EUR,2021-02-20 18:00:00,232.2918243408203,226.11585998535156,0,233.68809509277344,228.82760620117188
BNB-EUR,2021-02-20 19:00:00,228.9958953857422,223.93504333496094,0,230.0827178955078,223.93504333496094
BNB-EUR,2021-02-20 20:00:00,224.80963134765625,218.05149841308594,0,224.80963134765625,222.20545959472656
BNB-EUR,2021-02-20 21:00:00,222.437255859375,210.05813598632812,0,222.437255859375,210.05813598632812
BNB-EUR,2021-02-20 22:00:00,209.45236206054688,188.0748748779297,21445632,209.7278289794922,202.28799438476562
BNB-EUR,2021-02-20 23:00:00,201.21006774902344,201.21006774902344,568239616,214.47215270996094,212.06634521484375
BNB-EUR,2021-02-21 00:00:00,211.21353149414062,206.7467803955078,326154240,230.3587646484375,224.174560546875
BNB-EUR,2021-02-21 01:00:00,223.98330688476562,222.97447204589844,0,232.4610595703125,226.04498291015625
BNB-EUR,2021-02-21 02:00:00,225.7327117919922,225.72828674316406,0,232.54493713378906,226.47412109375
BNB-EUR,2021-02-21 03:00:00,226.97164916992188,222.03929138183594,0,229.9364013671875,222.03929138183594
BNB-EUR,2021-02-21 04:00:00,221.1488037109375,213.9536895751953,0,222.59632873535156,217.9163818359375
BNB-EUR,2021-02-21 05:00:00,218.4529266357422,215.6118621826172,0,220.19126892089844,216.15472412109375
BNB-EUR,2021-02-21 06:00:00,216.72744750976562,213.6285400390625,0,219.13014221191406,215.9456024169922
BNB-EUR,2021-02-21 07:00:00,216.03907775878906,209.89234924316406,0,217.04136657714844,210.8529052734375
BNB-EUR,2021-02-21 08:00:00,211.65231323242188,211.65231323242188,439044608,225.1141815185547,224.33230590820312
BNB-EUR,2021-02-21 09:00:00,224.77552795410156,224.77552795410156,901769216,242.39706420898438,242.39706420898438
BNB-EUR,2021-02-21 10:00:00,242.02342224121094,231.3962860107422,0,243.03109741210938,231.3962860107422
BNB-EUR,2021-02-21 11:00:00,232.21009826660156,231.82803344726562,34314240,235.33639526367188,234.5625
BNB-EUR,2021-02-21 12:00:00,234.5795440673828,234.29022216796875,56817152,242.09002685546875,236.35641479492188
BNB-EUR,2021-02-21 13:00:00,237.21681213378906,237.1497039794922,121614336,243.21121215820312,242.9595489501953
BNB-EUR,2021-02-21 14:00:00,242.52928161621094,242.22560119628906,350031360,253.8223114013672,251.1896209716797
BNB-EUR,2021-02-21 15:00:00,251.70901489257812,246.04324340820312,0,251.70901489257812,248.50526428222656
BNB-EUR,2021-02-21 16:00:00,248.69627380371094,239.37416076660156,0,249.62355041503906,239.72610473632812
BNB-EUR,2021-02-21 17:00:00,239.65382385253906,237.62867736816406,145247232,246.27435302734375,245.4134979248047
BNB-EUR,2021-02-21 18:00:00,245.31198120117188,241.25390625,0,245.78871154785156,245.63897705078125
BNB-EUR,2021-02-21 19:00:00,245.66021728515625,244.25579833984375,28638208,248.06201171875,246.57537841796875
BNB-EUR,2021-02-21 20:00:00,246.6418914794922,233.45770263671875,0,246.8481903076172,236.70346069335938
BNB-EUR,2021-02-21 21:00:00,237.2369384765625,233.55404663085938,0,238.4555206298828,233.55404663085938
BNB-EUR,2021-02-21 22:00:00,233.71539306640625,232.80648803710938,0,239.9689483642578,239.9689483642578
BNB-EUR,2021-02-21 23:00:00,240.9027557373047,239.39410400390625,0,244.5955810546875,242.7834014892578
BNB-EUR,2021-02-22 00:00:00,242.4137725830078,233.63375854492188,0,243.77072143554688,233.63375854492188
BNB-EUR,2021-02-22 01:00:00,233.46871948242188,229.27593994140625,0,237.60394287109375,235.8522491455078
BNB-EUR,2021-02-22 02:00:00,235.91802978515625,233.35467529296875,0,237.43418884277344,235.72622680664062
BNB-EUR,2021-02-22 03:00:00,235.3637237548828,226.47149658203125,0,235.68138122558594,227.20582580566406
BNB-EUR,2021-02-22 04:00:00,227.02357482910156,222.29205322265625,0,228.4471893310547,227.3197479248047
BNB-EUR,2021-02-22 05:00:00,227.84429931640625,226.1354217529297,23186944,233.15919494628906,226.1354217529297
BNB-EUR,2021-02-22 06:00:00,226.26739501953125,224.9458465576172,98437120,231.16404724121094,228.76109313964844
BNB-EUR,2021-02-22 07:00:00,228.83055114746094,226.53244018554688,0,231.20675659179688,229.4486541748047
BNB-EUR,2021-02-22 08:00:00,229.39932250976562,223.19224548339844,0,230.1986541748047,224.12045288085938
BNB-EUR,2021-02-22 09:00:00,224.2279052734375,217.20582580566406,0,228.04457092285156,217.20582580566406
BNB-EUR,2021-02-22 10:00:00,216.76954650878906,210.21478271484375,0,221.4228515625,218.95379638671875
BNB-EUR,2021-02-22 11:00:00,218.71249389648438,215.1962127685547,0,223.0148162841797,215.66571044921875
BNB-EUR,2021-02-22 12:00:00,215.009033203125,196.00961303710938,90993664,215.009033203125,207.4214630126953
BNB-EUR,2021-02-22 13:00:00,207.52784729003906,201.6219482421875,123882496,211.61727905273438,201.67572021484375
BNB-EUR,2021-02-22 14:00:00,200.72036743164062,183.7159881591797,684340224,223.90089416503906,223.90089416503906
BNB-EUR,2021-02-22 15:00:00,224.3112030029297,212.58984375,112309248,224.3112030029297,218.13815307617188
BNB-EUR,2021-02-22 16:00:00,217.82789611816406,214.19998168945312,0,220.48829650878906,215.3466033935547
BNB-EUR,2021-02-22 17:00:00,215.13885498046875,203.506591796875,0,215.2084197998047,203.506591796875
BNB-EUR,2021-02-22 18:00:00,203.2867431640625,200.11138916015625,234124288,212.3522491455078,211.03147888183594
BNB-EUR,2021-02-22 19:00:00,210.48245239257812,208.7707061767578,80525824,213.2684783935547,212.80978393554688
BNB-EUR,2021-02-22 20:00:00,213.0079345703125,213.0079345703125,21785600,217.87734985351562,215.42457580566406
BNB-EUR,2021-02-22 21:00:00,215.46478271484375,214.7434539794922,224883712,225.55714416503906,224.95010375976562
BNB-EUR,2021-02-22 22:00:00,224.8166046142578,218.38308715820312,0,226.51202392578125,219.74856567382812
BNB-EUR,2021-02-22 23:00:00,219.8755645751953,213.8300323486328,0,220.76968383789062,220.10658264160156
BNB-EUR,2021-02-23 00:00:00,219.9168701171875,213.29547119140625,0,220.7490997314453,213.29547119140625
BNB-EUR,2021-02-23 01:00:00,212.70921325683594,205.61856079101562,0,215.75425720214844,205.61856079101562
BNB-EUR,2021-02-23 02:00:00,205.4912109375,195.99266052246094,0,208.97445678710938,195.99266052246094
BNB-EUR,2021-02-23 03:00:00,195.6687774658203,195.6687774658203,373377024,206.4741973876953,204.0247802734375
BNB-EUR,2021-02-23 04:00:00,203.4029541015625,193.7409210205078,0,206.10824584960938,198.65414428710938
BNB-EUR,2021-02-23 05:00:00,199.24453735351562,188.8551788330078,122434048,199.43954467773438,197.28759765625
BNB-EUR,2021-02-23 06:00:00,196.46124267578125,191.5966033935547,0,200.49722290039062,191.5966033935547
BNB-EUR,2021-02-23 07:00:00,191.68142700195312,190.0584716796875,0,194.6839141845703,191.16348266601562
BNB-EUR,2021-02-23 08:00:00,190.4772491455078,165.2207794189453,0,190.89334106445312,165.2207794189453
BNB-EUR,2021-02-23 09:00:00,165.955322265625,156.6778564453125,808836608,179.2902374267578,178.11965942382812
BNB-EUR,2021-02-23 10:00:00,178.1075439453125,170.36529541015625,0,186.02574157714844,175.88177490234375
BNB-EUR,2021-02-23 11:00:00,176.14451599121094,157.34136962890625,0,179.25621032714844,166.12899780273438
BNB-EUR,2021-02-23 12:00:00,167.38424682617188,163.4373321533203,599764480,184.41368103027344,184.41368103027344
BNB-EUR,2021-02-23 13:00:00,183.03070068359375,179.3369903564453,62719488,188.39593505859375,183.9709930419922
BNB-EUR,2021-02-23 14:00:00,184.00448608398438,175.36280822753906,0,191.70843505859375,181.03945922851562
BNB-EUR,2021-02-23 15:00:00,178.976318359375,177.9894561767578,250998272,192.12100219726562,188.4828643798828
BNB-EUR,2021-02-23 16:00:00,187.90406799316406,185.6869659423828,0,192.51303100585938,186.44940185546875
BNB-EUR,2021-02-23 17:00:00,186.440673828125,183.90496826171875,0,189.11659240722656,183.92494201660156
BNB-EUR,2021-02-23 18:00:00,183.69754028320312,177.92422485351562,0,183.7224884033203,178.70016479492188
BNB-EUR,2021-02-23 19:00:00,178.5187225341797,170.4443817138672,0,180.7877960205078,172.02145385742188
BNB-EUR,2021-02-23 20:00:00,171.7755584716797,168.61305236816406,274251776,179.60809326171875,179.4002227783203
BNB-EUR,2021-02-23 21:00:00,179.6288299560547,179.28231811523438,0,184.15049743652344,179.8274688720703
BNB-EUR,2021-02-23 22:00:00,180.1269989013672,179.53839111328125,37842944,183.6782989501953,183.66893005371094
BNB-EUR,2021-02-23 23:00:00,184.2784423828125,184.2784423828125,157232640,188.815185546875,188.815185546875
BNB-EUR,2021-02-24 00:00:00,190.10272216796875,176.46910095214844,0,190.31045532226562,182.924560546875
BNB-EUR,2021-02-24 01:00:00,183.48252868652344,182.77923583984375,298144256,191.7798309326172,191.7798309326172
BNB-EUR,2021-02-24 02:00:00,191.88323974609375,191.4306640625,262434304,200.2211456298828,199.47463989257812
BNB-EUR,2021-02-24 03:00:00,198.87791442871094,197.93399047851562,95307264,203.53697204589844,203.53697204589844
BNB-EUR,2021-02-24 04:00:00,204.1273956298828,200.76222229003906,150919168,211.0245361328125,204.1200408935547
BNB-EUR,2021-02-24 05:00:00,204.694091796875,201.42539978027344,0,208.58485412597656,202.22789001464844
BNB-EUR,2021-02-24 06:00:00,201.844970703125,195.1844482421875,0,203.97634887695312,199.32054138183594
BNB-EUR,2021-02-24 07:00:00,199.88357543945312,198.24267578125,343456768,209.43603515625,209.43603515625
BNB-EUR,2021-02-24 08:00:00,209.31373596191406,206.38169860839844,65819136,220.1199493408203,220.1199493408203
BNB-EUR,2021-02-24 09:00:00,221.40821838378906,219.41412353515625,0,230.34649658203125,223.23025512695312
BNB-EUR,2021-02-24 10:00:00,222.8427734375,215.39186096191406,0,224.8694305419922,215.39186096191406
BNB-EUR,2021-02-24 11:00:00,214.49208068847656,214.38833618164062,0,222.37698364257812,218.55108642578125
BNB-EUR,2021-02-24 12:00:00,218.72702026367188,218.62132263183594,0,226.9807586669922,222.7550506591797
BNB-EUR,2021-02-24 13:00:00,223.09927368164062,210.09512329101562,0,224.3841552734375,213.1399688720703
BNB-EUR,2021-02-24 14:00:00,212.4665985107422,199.15359497070312,0,216.3822021484375,202.58819580078125
BNB-EUR,2021-02-24 15:00:00,203.88221740722656,196.70065307617188,200738304,211.3868408203125,211.3516387939453
BNB-EUR,2021-02-24 16:00:00,211.96502685546875,207.7451934814453,0,214.62608337402344,208.14405822753906
BNB-EUR,2021-02-24 17:00:00,208.1535186767578,206.66445922851562,5926912,213.44357299804688,211.0182342529297
BNB-EUR,2021-02-24 18:00:00,211.29678344726562,208.0465850830078,0,211.6305389404297,208.18812561035156
BNB-EUR,2021-02-24 19:00:00,208.0138397216797,199.83758544921875,0,208.33226013183594,200.8243865966797
BNB-EUR,2021-02-24 20:00:00,200.93588256835938,199.08680725097656,0,204.27114868164062,202.29173278808594
BNB-EUR,2021-02-24 21:00:00,202.02186584472656,194.0225830078125,0,202.71006774902344,198.9073486328125
BNB-EUR,2021-02-24 22:00:00,199.5813751220703,194.5518341064453,198467584,204.6854705810547,204.2637481689453
BNB-EUR,2021-02-24 23:00:00,203.92874145507812,203.28530883789062,113188864,209.17916870117188,208.5035400390625
BNB-EUR,2021-02-25 00:00:00,209.01478576660156,206.91270446777344,158685696,217.60879516601562,215.6388397216797
BNB-EUR,2021-02-25 01:00:00,215.5565948486328,208.4873504638672,0,216.380126953125,208.8829345703125
BNB-EUR,2021-02-25 02:00:00,209.3504180908203,206.88307189941406,0,211.74783325195312,208.48602294921875
BNB-EUR,2021-02-25 03:00:00,208.72520446777344,202.48123168945312,0,208.72520446777344,207.30508422851562
BNB-EUR,2021-02-25 04:00:00,207.31700134277344,201.697998046875,0,208.42169189453125,201.697998046875
BNB-EUR,2021-02-25 05:00:00,201.36575317382812,200.22918701171875,0,205.50326538085938,205.50326538085938
BNB-EUR,2021-02-25 06:00:00,205.763671875,203.99862670898438,0,207.00369262695312,204.4231719970703
BNB-EUR,2021-02-25 07:00:00,204.5578155517578,202.38998413085938,0,206.29513549804688,203.55259704589844
BNB-EUR,2021-02-25 08:00:00,203.66812133789062,197.18006896972656,0,204.65916442871094,197.18006896972656
BNB-EUR,2021-02-25 09:00:00,197.5183563232422,195.57559204101562,0,199.64894104003906,199.62265014648438
BNB-EUR,2021-02-25 10:00:00,199.29318237304688,198.26271057128906,0,202.39300537109375,202.17062377929688
BNB-EUR,2021-02-25 11:00:00,202.01585388183594,200.52821350097656,0,204.4947052001953,203.53286743164062
BNB-EUR,2021-02-25 12:00:00,203.19932556152344,201.43521118164062,101402624,211.80174255371094,210.76620483398438
BNB-EUR,2021-02-25 13:00:00,211.0546112060547,208.81356811523438,0,215.54888916015625,211.17222595214844
BNB-EUR,2021-02-25 14:00:00,211.4481658935547,207.55213928222656,0,213.20884704589844,208.71231079101562
BNB-EUR,2021-02-25 15:00:00,208.63735961914062,207.09002685546875,0,210.1488037109375,208.2044677734375
BNB-EUR,2021-02-25 16:00:00,208.24783325195312,207.4454803466797,0,212.27833557128906,209.09645080566406
BNB-EUR,2021-02-25 17:00:00,208.9224090576172,200.85263061523438,0,208.9224090576172,200.9558563232422
BNB-EUR,2021-02-25 18:00:00,201.11973571777344,201.11973571777344,25516544,204.5516815185547,201.96258544921875
BNB-EUR,2021-02-25 19:00:00,201.9050750732422,201.21397399902344,0,203.85951232910156,202.47561645507812
BNB-EUR,2021-02-25 20:00:00,202.67794799804688,199.72702026367188,0,203.09571838378906,201.5875701904297
BNB-EUR,2021-02-25 21:00:00,201.71836853027344,197.74850463867188,0,201.71836853027344,197.7942657470703
BNB-EUR,2021-02-25 22:00:00,197.73550415039062,193.91592407226562,90402816,203.3009033203125,200.08901977539062
BNB-EUR,2021-02-25 23:00:00,199.8800811767578,194.06861877441406,0,200.62747192382812,195.0477294921875
BNB-EUR,2021-02-26 00:00:00,192.37353515625,181.89068603515625,0,193.43687438964844,184.60638427734375
BNB-EUR,2021-02-26 01:00:00,184.86825561523438,184.86825561523438,112948480,193.69711303710938,185.16360473632812
BNB-EUR,2021-02-26 02:00:00,185.21177673339844,184.49746704101562,109388288,190.44163513183594,189.68002319335938
BNB-EUR,2021-02-26 03:00:00,189.62619018554688,187.06201171875,0,189.98104858398438,188.31813049316406
BNB-EUR,2021-02-26 04:00:00,188.30531311035156,187.37582397460938,0,191.31521606445312,187.37582397460938
BNB-EUR,2021-02-26 05:00:00,187.46189880371094,176.92361450195312,0,188.187744140625,176.92361450195312
BNB-EUR,2021-02-26 06:00:00,176.7870330810547,176.5131378173828,228088576,182.5454559326172,182.177001953125
BNB-EUR,2021-02-26 07:00:00,182.5692596435547,173.32530212402344,321743360,183.75869750976562,176.15826416015625
BNB-EUR,2021-02-26 08:00:00,176.26502990722656,176.1865997314453,287914752,183.74525451660156,182.47996520996094
BNB-EUR,2021-02-26 09:00:00,182.38766479492188,180.1999053955078,321967872,191.0253448486328,191.0253448486328
BNB-EUR,2021-02-26 10:00:00,190.40878295898438,188.34915161132812,89098240,191.26138305664062,188.9320068359375
BNB-EUR,2021-02-26 10:21:06,188.7739715576172,188.7739715576172,0,188.7739715576172,188.7739715576172
