symbol,date,high,low,volume,close,open
ETH-EUR,2021-01-26 10:00:00,1105.8765869140625,1085.006591796875,0,1102.6292724609375,1085.12548828125
ETH-EUR,2021-01-26 11:00:00,1103.20166015625,1084.2960205078125,0,1085.3701171875,1102.3280029296875
ETH-EUR,2021-01-26 12:00:00,1086.643310546875,1056.6068115234375,0,1056.6068115234375,1085.1243896484375
ETH-EUR,2021-01-26 13:00:00,1064.3594970703125,1045.6749267578125,347054080,1059.65380859375,1055.1602783203125
ETH-EUR,2021-01-26 14:00:00,1061.90234375,1031.0289306640625,390983680,1040.966064453125,1059.616943359375
ETH-EUR,2021-01-26 15:00:00,1061.4071044921875,1039.8101806640625,394780672,1060.482421875,1040.876953125
ETH-EUR,2021-01-26 16:00:00,1078.91455078125,1049.6180419921875,0,1078.91455078125,1060.1571044921875
ETH-EUR,2021-01-26 17:00:00,1091.4842529296875,1076.9976806640625,400021504,1091.4842529296875,1078.534423828125
ETH-EUR,2021-01-26 18:00:00,1100.3338623046875,1087.299560546875,212770816,1092.419189453125,1092.309814453125
ETH-EUR,2021-01-26 19:00:00,1112.222900390625,1093.7735595703125,446480384,1101.349365234375,1093.864990234375
ETH-EUR,2021-01-26 20:00:00,1118.8455810546875,1098.4405517578125,61005824,1098.4405517578125,1101.7607421875
ETH-EUR,2021-01-26 21:00:00,1116.0687255859375,1096.6326904296875,0,1100.901611328125,1097.8863525390625
ETH-EUR,2021-01-26 22:00:00,1113.3543701171875,1093.4150390625,0,1113.3543701171875,1100.38134765625
ETH-EUR,2021-01-26 23:00:00,1127.0968017578125,1113.352294921875,357494784,1114.1268310546875,1113.885498046875
ETH-EUR,2021-01-27 00:00:00,1124.6102294921875,1098.5301513671875,0,1103.8455810546875,1115.637451171875
ETH-EUR,2021-01-27 01:00:00,1108.5179443359375,1085.052734375,0,1087.68212890625,1103.7210693359375
ETH-EUR,2021-01-27 02:00:00,1093.4432373046875,1080.2603759765625,0,1080.2603759765625,1087.4544677734375
ETH-EUR,2021-01-27 03:00:00,1079.5057373046875,1073.3397216796875,0,1078.956298828125,1079.5057373046875
ETH-EUR,2021-01-27 04:00:00,1085.1815185546875,1071.1549072265625,0,1082.4539794921875,1078.564697265625
ETH-EUR,2021-01-27 05:00:00,1082.0360107421875,1053.118896484375,210835456,1056.765869140625,1082.0360107421875
ETH-EUR,2021-01-27 06:00:00,1065.35546875,1054.7127685546875,0,1065.35546875,1057.3328857421875
ETH-EUR,2021-01-27 07:00:00,1077.5181884765625,1060.351318359375,0,1073.2576904296875,1065.2647705078125
ETH-EUR,2021-01-27 08:00:00,1072.921630859375,1043.0594482421875,0,1043.184326171875,1072.921630859375
ETH-EUR,2021-01-27 09:00:00,1050.3006591796875,1035.01318359375,748965888,1047.22705078125,1043.29296875
ETH-EUR,2021-01-27 10:00:00,1056.1104736328125,1043.7576904296875,0,1045.2781982421875,1048.103515625
ETH-EUR,2021-01-27 11:00:00,1071.2886962890625,1035.7406005859375,587214848,1035.7406005859375,1046.0933837890625
ETH-EUR,2021-01-27 12:00:00,1048.9864501953125,1033.5517578125,120532992,1048.78955078125,1035.8509521484375
ETH-EUR,2021-01-27 13:00:00,1056.12890625,1029.4510498046875,0,1029.4510498046875,1048.2825927734375
ETH-EUR,2021-01-27 14:00:00,1032.186279296875,1007.377197265625,36347904,1016.376220703125,1028.7108154296875
ETH-EUR,2021-01-27 15:00:00,1058.3673095703125,1014.7078247070312,1447624704,1058.3673095703125,1016.437255859375
ETH-EUR,2021-01-27 16:00:00,1080.170166015625,1056.5650634765625,0,1056.6822509765625,1059.5252685546875
ETH-EUR,2021-01-27 17:00:00,1058.904541015625,1029.8607177734375,0,1038.3013916015625,1055.830078125
ETH-EUR,2021-01-27 18:00:00,1039.319580078125,1013.7928466796875,0,1013.7928466796875,1037.0802001953125
ETH-EUR,2021-01-27 19:00:00,1054.0374755859375,1013.022216796875,900153344,1050.729248046875,1014.5804443359375
ETH-EUR,2021-01-27 20:00:00,1070.9862060546875,1046.74462890625,662939648,1062.5001220703125,1050.646484375
ETH-EUR,2021-01-27 21:00:00,1066.349609375,1044.8035888671875,0,1055.0966796875,1063.4365234375
ETH-EUR,2021-01-27 22:00:00,1061.5762939453125,1027.328125,90478592,1035.7178955078125,1054.1639404296875
ETH-EUR,2021-01-27 23:00:00,1036.694580078125,1026.0028076171875,378900480,1033.9776611328125,1035.8546142578125
ETH-EUR,2021-01-28 00:00:00,1041.6231689453125,1014.0127563476562,241213440,1041.6231689453125,1035.4395751953125
ETH-EUR,2021-01-28 01:00:00,1044.457275390625,1032.837890625,0,1043.7288818359375,1041.4134521484375
ETH-EUR,2021-01-28 02:00:00,1058.7333984375,1044.4327392578125,345145344,1050.9249267578125,1044.4327392578125
ETH-EUR,2021-01-28 03:00:00,1068.5574951171875,1050.9271240234375,213821440,1068.5574951171875,1050.9271240234375
ETH-EUR,2021-01-28 04:00:00,1068.636962890625,1056.7308349609375,0,1063.033447265625,1068.140869140625
ETH-EUR,2021-01-28 05:00:00,1073.7164306640625,1054.4964599609375,0,1073.7164306640625,1062.7052001953125
ETH-EUR,2021-01-28 06:00:00,1092.4678955078125,1074.463623046875,882464768,1076.8848876953125,1074.463623046875
ETH-EUR,2021-01-28 07:00:00,1081.1575927734375,1062.2647705078125,0,1063.498291015625,1077.564453125
ETH-EUR,2021-01-28 08:00:00,1064.7459716796875,1054.3013916015625,0,1057.6785888671875,1062.825927734375
ETH-EUR,2021-01-28 09:00:00,1069.4464111328125,1049.0489501953125,0,1069.4464111328125,1057.8739013671875
ETH-EUR,2021-01-28 10:00:00,1076.7928466796875,1059.9599609375,202807296,1070.83203125,1069.864501953125
ETH-EUR,2021-01-28 11:00:00,1078.3616943359375,1068.2547607421875,0,1070.6082763671875,1072.025634765625
ETH-EUR,2021-01-28 12:00:00,1091.8990478515625,1071.4530029296875,208697344,1089.9429931640625,1071.4530029296875
ETH-EUR,2021-01-28 13:00:00,1104.22802734375,1082.355224609375,418660352,1103.5977783203125,1090.6348876953125
ETH-EUR,2021-01-28 14:00:00,1116.9169921875,1099.793212890625,0,1110.7908935546875,1103.91259765625
ETH-EUR,2021-01-28 15:00:00,1113.3076171875,1103.83740234375,0,1109.79052734375,1110.794677734375
ETH-EUR,2021-01-28 16:00:00,1114.8486328125,1100.123291015625,0,1114.64404296875,1110.229736328125
ETH-EUR,2021-01-28 17:00:00,1116.848876953125,1102.837158203125,0,1102.837158203125,1114.69091796875
ETH-EUR,2021-01-28 18:00:00,1106.350830078125,1093.4464111328125,0,1104.8974609375,1103.453857421875
ETH-EUR,2021-01-28 19:00:00,1105.514404296875,1098.2548828125,0,1098.6900634765625,1104.8280029296875
ETH-EUR,2021-01-28 20:00:00,1111.658935546875,1095.2337646484375,421650432,1098.913330078125,1098.775634765625
ETH-EUR,2021-01-28 21:00:00,1111.5701904296875,1098.88623046875,215166976,1111.543701171875,1098.88623046875
ETH-EUR,2021-01-28 22:00:00,1118.8731689453125,1111.56201171875,438274048,1115.0941162109375,1111.56201171875
ETH-EUR,2021-01-28 23:00:00,1117.2496337890625,1095.480224609375,108711936,1100.2587890625,1114.5914306640625
ETH-EUR,2021-01-29 00:00:00,1132.3876953125,1098.05810546875,1180145664,1130.9586181640625,1099.185546875
ETH-EUR,2021-01-29 01:00:00,1131.565673828125,1107.65234375,296388608,1109.3018798828125,1130.7767333984375
ETH-EUR,2021-01-29 02:00:00,1115.785400390625,1106.27001953125,179091456,1106.7218017578125,1109.618896484375
ETH-EUR,2021-01-29 03:00:00,1110.5294189453125,1086.2198486328125,393457664,1093.518310546875,1106.9813232421875
ETH-EUR,2021-01-29 04:00:00,1095.28662109375,1068.3026123046875,858783744,1080.3670654296875,1093.4481201171875
ETH-EUR,2021-01-29 05:00:00,1080.6087646484375,1073.0335693359375,296058880,1078.0784912109375,1080.0279541015625
ETH-EUR,2021-01-29 06:00:00,1086.38525390625,1070.7374267578125,0,1074.93603515625,1077.8162841796875
ETH-EUR,2021-01-29 07:00:00,1084.7818603515625,1070.538818359375,327782400,1084.7818603515625,1075.6873779296875
ETH-EUR,2021-01-29 08:00:00,1120.3043212890625,1073.0084228515625,1938079744,1120.3043212890625,1085.5123291015625
ETH-EUR,2021-01-29 09:00:00,1148.6744384765625,1120.7388916015625,4949536768,1130.929443359375,1122.3372802734375
ETH-EUR,2021-01-29 10:00:00,1133.304443359375,1113.767822265625,756629504,1129.7615966796875,1131.5244140625
ETH-EUR,2021-01-29 11:00:00,1171.7762451171875,1130.43798828125,2610966528,1164.6055908203125,1130.43798828125
ETH-EUR,2021-01-29 12:00:00,1169.113037109375,1154.4493408203125,679485440,1169.113037109375,1165.4735107421875
ETH-EUR,2021-01-29 13:00:00,1173.221435546875,1158.24169921875,863141888,1173.221435546875,1169.6661376953125
ETH-EUR,2021-01-29 14:00:00,1175.74853515625,1137.680419921875,0,1146.9605712890625,1173.655029296875
ETH-EUR,2021-01-29 15:00:00,1157.3873291015625,1146.65869140625,0,1150.0634765625,1146.9947509765625
ETH-EUR,2021-01-29 16:00:00,1157.245849609375,1131.9249267578125,0,1131.9249267578125,1149.5623779296875
ETH-EUR,2021-01-29 17:00:00,1144.991455078125,1128.3709716796875,428875776,1130.48974609375,1132.453125
ETH-EUR,2021-01-29 18:00:00,1134.68212890625,1109.41259765625,364142592,1111.9766845703125,1129.593017578125
ETH-EUR,2021-01-29 19:00:00,1116.4432373046875,1089.50244140625,460779520,1099.06689453125,1112.683837890625
ETH-EUR,2021-01-29 20:00:00,1118.1519775390625,1099.8125,1149177856,1114.975830078125,1099.8125
ETH-EUR,2021-01-29 21:00:00,1133.058349609375,1110.6536865234375,543838208,1133.058349609375,1114.1846923828125
ETH-EUR,2021-01-29 22:00:00,1159.0565185546875,1129.2857666015625,843599872,1148.1239013671875,1132.815185546875
ETH-EUR,2021-01-29 23:00:00,1148.754638671875,1132.798828125,53542912,1140.250732421875,1147.9754638671875
ETH-EUR,2021-01-30 00:00:00,1155.4273681640625,1130.0946044921875,0,1130.0946044921875,1139.0509033203125
ETH-EUR,2021-01-30 01:00:00,1142.522705078125,1125.3956298828125,0,1125.3956298828125,1129.8216552734375
ETH-EUR,2021-01-30 02:00:00,1131.5198974609375,1110.5997314453125,0,1110.5997314453125,1125.39013671875
ETH-EUR,2021-01-30 03:00:00,1112.818603515625,1094.5657958984375,0,1104.0260009765625,1109.5030517578125
ETH-EUR,2021-01-30 04:00:00,1111.7578125,1104.5146484375,0,1107.73291015625,1104.5146484375
ETH-EUR,2021-01-30 05:00:00,1111.1722412109375,1097.0362548828125,0,1104.32275390625,1107.701171875
ETH-EUR,2021-01-30 06:00:00,1110.0213623046875,1096.174560546875,0,1110.0213623046875,1103.808349609375
ETH-EUR,2021-01-30 07:00:00,1115.840087890625,1103.4881591796875,0,1112.348388671875,1109.7613525390625
ETH-EUR,2021-01-30 08:00:00,1112.5406494140625,1103.4261474609375,0,1104.3955078125,1111.9024658203125
ETH-EUR,2021-01-30 09:00:00,1111.7506103515625,1104.69482421875,0,1109.6497802734375,1104.69482421875
ETH-EUR,2021-01-30 10:00:00,1114.009033203125,1104.5848388671875,0,1112.214599609375,1109.6717529296875
ETH-EUR,2021-01-30 11:00:00,1114.5606689453125,1105.0623779296875,0,1105.0623779296875,1112.295166015625
ETH-EUR,2021-01-30 12:00:00,1105.22412109375,1098.13330078125,0,1104.4609375,1105.0396728515625
ETH-EUR,2021-01-30 13:00:00,1122.499267578125,1102.9833984375,0,1122.499267578125,1104.22509765625
ETH-EUR,2021-01-30 14:00:00,1128.2293701171875,1122.616943359375,0,1126.72119140625,1122.9998779296875
ETH-EUR,2021-01-30 15:00:00,1135.07470703125,1124.718994140625,0,1130.4483642578125,1126.3507080078125
ETH-EUR,2021-01-30 16:00:00,1130.5487060546875,1111.7044677734375,0,1117.8275146484375,1130.129638671875
ETH-EUR,2021-01-30 17:00:00,1130.4697265625,1117.6422119140625,0,1128.9437255859375,1117.64404296875
ETH-EUR,2021-01-30 18:00:00,1130.28125,1124.0443115234375,0,1130.0455322265625,1128.6502685546875
ETH-EUR,2021-01-30 19:00:00,1134.21044921875,1125.3592529296875,0,1129.0626220703125,1130.278564453125
ETH-EUR,2021-01-30 20:00:00,1140.30078125,1129.068115234375,0,1133.77294921875,1129.115478515625
ETH-EUR,2021-01-30 21:00:00,1135.7274169921875,1130.3875732421875,0,1135.7274169921875,1133.3948974609375
ETH-EUR,2021-01-30 22:00:00,1143.704345703125,1135.900390625,0,1143.704345703125,1135.900390625
ETH-EUR,2021-01-30 23:00:00,1143.5850830078125,1132.61572265625,0,1135.299072265625,1143.5850830078125
ETH-EUR,2021-01-31 00:00:00,1136.079345703125,1123.004638671875,0,1125.3267822265625,1133.77197265625
ETH-EUR,2021-01-31 01:00:00,1129.9647216796875,1123.9256591796875,0,1129.9647216796875,1125.296142578125
ETH-EUR,2021-01-31 02:00:00,1132.662109375,1119.0074462890625,0,1120.232421875,1129.8399658203125
ETH-EUR,2021-01-31 03:00:00,1122.82470703125,1118.3458251953125,0,1118.3458251953125,1120.239013671875
ETH-EUR,2021-01-31 04:00:00,1122.582763671875,1115.40966796875,0,1120.5460205078125,1118.432861328125
ETH-EUR,2021-01-31 05:00:00,1120.669189453125,1109.693359375,0,1113.26708984375,1120.6427001953125
ETH-EUR,2021-01-31 06:00:00,1114.9788818359375,1110.052490234375,0,1110.6575927734375,1113.0560302734375
ETH-EUR,2021-01-31 07:00:00,1115.027099609375,1106.7401123046875,0,1108.0537109375,1110.842529296875
ETH-EUR,2021-01-31 08:00:00,1113.4925537109375,1106.572998046875,0,1109.247314453125,1108.2530517578125
ETH-EUR,2021-01-31 09:00:00,1113.228271484375,1104.9949951171875,0,1105.0458984375,1108.9400634765625
ETH-EUR,2021-01-31 10:00:00,1113.67626953125,1103.6304931640625,79106048,1112.6317138671875,1105.0736083984375
ETH-EUR,2021-01-31 11:00:00,1117.218505859375,1112.5831298828125,0,1115.3626708984375,1112.720458984375
ETH-EUR,2021-01-31 12:00:00,1128.0059814453125,1112.6796875,413943808,1120.50927734375,1115.3927001953125
ETH-EUR,2021-01-31 13:00:00,1120.7489013671875,1109.6864013671875,0,1109.9273681640625,1120.7489013671875
ETH-EUR,2021-01-31 14:00:00,1111.389404296875,1101.033935546875,0,1101.033935546875,1110.0025634765625
ETH-EUR,2021-01-31 15:00:00,1101.1263427734375,1071.6123046875,619659264,1081.138427734375,1101.1263427734375
ETH-EUR,2021-01-31 16:00:00,1086.12744140625,1074.49853515625,0,1083.6690673828125,1081.00927734375
ETH-EUR,2021-01-31 17:00:00,1083.743896484375,1067.630126953125,0,1067.630126953125,1083.689697265625
ETH-EUR,2021-01-31 18:00:00,1076.05810546875,1061.58740234375,406167552,1067.573486328125,1066.211669921875
ETH-EUR,2021-01-31 19:00:00,1077.2574462890625,1063.8497314453125,236189696,1075.9033203125,1067.28271484375
ETH-EUR,2021-01-31 20:00:00,1082.7874755859375,1066.9425048828125,67192832,1080.7445068359375,1075.8636474609375
ETH-EUR,2021-01-31 21:00:00,1080.9239501953125,1070.421875,70213632,1075.8853759765625,1080.9239501953125
ETH-EUR,2021-01-31 22:00:00,1084.400146484375,1069.5206298828125,0,1079.31591796875,1074.64208984375
ETH-EUR,2021-01-31 23:00:00,1088.9713134765625,1079.244140625,64741376,1085.492431640625,1079.244140625
ETH-EUR,2021-02-01 00:00:00,1084.7347412109375,1050.771728515625,490512384,1055.7347412109375,1084.7347412109375
ETH-EUR,2021-02-01 01:00:00,1087.9906005859375,1055.5406494140625,883384320,1085.527099609375,1055.5821533203125
ETH-EUR,2021-02-01 02:00:00,1090.95361328125,1081.9635009765625,92368896,1085.49072265625,1085.7064208984375
ETH-EUR,2021-02-01 03:00:00,1087.60888671875,1081.289794921875,205758464,1085.5732421875,1085.7835693359375
ETH-EUR,2021-02-01 04:00:00,1094.4652099609375,1082.78515625,366403584,1086.2037353515625,1085.566650390625
ETH-EUR,2021-02-01 05:00:00,1090.5169677734375,1082.6771240234375,209025024,1090.5169677734375,1086.1278076171875
ETH-EUR,2021-02-01 06:00:00,1098.3819580078125,1076.0694580078125,421210112,1077.7093505859375,1090.426513671875
ETH-EUR,2021-02-01 07:00:00,1086.8056640625,1077.0867919921875,242018304,1084.729248046875,1077.9168701171875
ETH-EUR,2021-02-01 08:00:00,1096.2550048828125,1081.340087890625,408252416,1096.2550048828125,1084.6107177734375
ETH-EUR,2021-02-01 09:00:00,1105.8182373046875,1095.8856201171875,503072768,1097.23974609375,1096.891357421875
ETH-EUR,2021-02-01 10:00:00,1105.0438232421875,1096.1768798828125,486928384,1096.1768798828125,1097.487060546875
ETH-EUR,2021-02-01 11:00:00,1110.97314453125,1095.80419921875,585838592,1110.97314453125,1096.181884765625
ETH-EUR,2021-02-01 12:00:00,1110.5557861328125,1098.298583984375,0,1100.9464111328125,1110.5557861328125
ETH-EUR,2021-02-01 13:00:00,1104.11083984375,1097.582763671875,440238080,1099.2806396484375,1100.8385009765625
ETH-EUR,2021-02-01 14:00:00,1099.480712890625,1085.634765625,115324928,1085.9925537109375,1099.480712890625
ETH-EUR,2021-02-01 15:00:00,1089.154052734375,1083.7506103515625,0,1083.83154296875,1086.26513671875
ETH-EUR,2021-02-01 16:00:00,1085.454833984375,1078.042236328125,0,1085.454833984375,1083.0928955078125
ETH-EUR,2021-02-01 17:00:00,1091.80712890625,1082.0728759765625,0,1091.619873046875,1085.614501953125
ETH-EUR,2021-02-01 18:00:00,1098.3681640625,1090.1104736328125,0,1094.92626953125,1091.4647216796875
ETH-EUR,2021-02-01 19:00:00,1101.389892578125,1095.3804931640625,0,1101.389892578125,1095.3804931640625
ETH-EUR,2021-02-01 20:00:00,1108.301025390625,1101.421630859375,16242688,1105.142578125,1101.421630859375
ETH-EUR,2021-02-01 21:00:00,1117.652099609375,1103.028076171875,56377344,1117.652099609375,1105.568603515625
ETH-EUR,2021-02-01 22:00:00,1127.0950927734375,1114.834716796875,766531584,1126.7073974609375,1116.7701416015625
ETH-EUR,2021-02-01 23:00:00,1138.4097900390625,1125.085693359375,712574976,1136.490966796875,1126.082275390625
ETH-EUR,2021-02-02 00:00:00,1163.3682861328125,1134.4554443359375,668942336,1144.46875,1134.4554443359375
ETH-EUR,2021-02-02 01:00:00,1145.457275390625,1134.6959228515625,15712256,1138.378173828125,1144.050048828125
ETH-EUR,2021-02-02 02:00:00,1147.1873779296875,1133.782958984375,191240192,1133.782958984375,1139.0771484375
ETH-EUR,2021-02-02 03:00:00,1136.7122802734375,1127.9410400390625,209766400,1132.7205810546875,1134.3699951171875
ETH-EUR,2021-02-02 04:00:00,1144.091552734375,1132.6490478515625,101140480,1142.8758544921875,1133.0025634765625
ETH-EUR,2021-02-02 05:00:00,1152.548828125,1140.9521484375,319440896,1150.1207275390625,1143.00146484375
ETH-EUR,2021-02-02 06:00:00,1165.37548828125,1149.360107421875,447924224,1162.4100341796875,1149.9459228515625
ETH-EUR,2021-02-02 07:00:00,1176.8271484375,1162.242431640625,1224022016,1174.104736328125,1162.242431640625
ETH-EUR,2021-02-02 08:00:00,1194.887451171875,1166.3768310546875,1315770368,1194.887451171875,1174.0892333984375
ETH-EUR,2021-02-02 09:00:00,1200.9521484375,1183.6697998046875,1706479616,1189.8704833984375,1194.670654296875
ETH-EUR,2021-02-02 10:00:00,1194.5355224609375,1186.6112060546875,531834880,1190.211181640625,1189.9066162109375
ETH-EUR,2021-02-02 11:00:00,1200.6236572265625,1179.768310546875,91285504,1181.0958251953125,1190.9122314453125
ETH-EUR,2021-02-02 12:00:00,1190.2808837890625,1176.2818603515625,0,1182.298828125,1180.54736328125
ETH-EUR,2021-02-02 13:00:00,1195.2255859375,1182.287353515625,154095616,1183.5546875,1182.2962646484375
ETH-EUR,2021-02-02 14:00:00,1189.883056640625,1175.9151611328125,22517760,1189.883056640625,1183.6129150390625
ETH-EUR,2021-02-02 15:00:00,1197.696044921875,1182.0899658203125,425646080,1182.3236083984375,1190.454833984375
ETH-EUR,2021-02-02 16:00:00,1243.4202880859375,1183.1923828125,272154624,1243.4202880859375,1183.217529296875
ETH-EUR,2021-02-02 17:00:00,1243.125732421875,1221.063232421875,918622208,1224.08935546875,1242.400390625
ETH-EUR,2021-02-02 18:00:00,1237.5955810546875,1223.443359375,713345024,1237.5955810546875,1224.0614013671875
ETH-EUR,2021-02-02 19:00:00,1254.7969970703125,1234.28564453125,1002514432,1254.7969970703125,1238.639404296875
ETH-EUR,2021-02-02 20:00:00,1274.9163818359375,1249.3455810546875,1892384768,1258.1600341796875,1255.2503662109375
ETH-EUR,2021-02-02 21:00:00,1270.751220703125,1259.875244140625,1148719104,1259.875244140625,1261.7769775390625
ETH-EUR,2021-02-02 22:00:00,1281.180908203125,1259.8936767578125,455041024,1279.983154296875,1259.8936767578125
ETH-EUR,2021-02-02 23:00:00,1279.2392578125,1257.5672607421875,0,1257.806396484375,1279.2392578125
ETH-EUR,2021-02-03 00:00:00,1271.5792236328125,1256.950927734375,0,1262.4346923828125,1258.8048095703125
ETH-EUR,2021-02-03 01:00:00,1267.334228515625,1254.667236328125,0,1261.0726318359375,1262.21142578125
ETH-EUR,2021-02-03 02:00:00,1265.7586669921875,1253.4686279296875,73793536,1265.7586669921875,1260.921875
ETH-EUR,2021-02-03 03:00:00,1280.67578125,1265.9881591796875,629153792,1275.26025390625,1265.9881591796875
ETH-EUR,2021-02-03 04:00:00,1293.3531494140625,1275.81005859375,870191104,1291.442626953125,1275.81005859375
ETH-EUR,2021-02-03 05:00:00,1290.454833984375,1279.8123779296875,0,1280.066162109375,1290.454833984375
ETH-EUR,2021-02-03 06:00:00,1302.2857666015625,1280.20263671875,237559808,1300.6373291015625,1280.20263671875
ETH-EUR,2021-02-03 07:00:00,1300.7725830078125,1283.1685791015625,0,1283.1685791015625,1300.7725830078125
ETH-EUR,2021-02-03 08:00:00,1285.2646484375,1262.3231201171875,0,1271.8826904296875,1283.729248046875
ETH-EUR,2021-02-03 09:00:00,1281.61572265625,1261.8538818359375,0,1275.0343017578125,1272.43505859375
ETH-EUR,2021-02-03 10:00:00,1286.4473876953125,1268.1629638671875,64118784,1286.4473876953125,1274.4852294921875
ETH-EUR,2021-02-03 11:00:00,1295.0146484375,1279.5230712890625,0,1279.5230712890625,1285.84130859375
ETH-EUR,2021-02-03 12:00:00,1290.4610595703125,1272.5162353515625,301543424,1282.4013671875,1279.01708984375
ETH-EUR,2021-02-03 13:00:00,1299.135498046875,1276.599609375,442331136,1289.1822509765625,1281.2728271484375
ETH-EUR,2021-02-03 14:00:00,1293.3856201171875,1281.3189697265625,67395584,1291.161865234375,1289.334716796875
ETH-EUR,2021-02-03 15:00:00,1326.8131103515625,1290.020263671875,1500262400,1326.8131103515625,1291.5439453125
ETH-EUR,2021-02-03 16:00:00,1338.6392822265625,1318.0311279296875,0,1333.18408203125,1327.2828369140625
ETH-EUR,2021-02-03 17:00:00,1359.684326171875,1330.7059326171875,414130176,1359.684326171875,1333.4417724609375
ETH-EUR,2021-02-03 18:00:00,1366.02197265625,1348.4544677734375,696270848,1365.91015625,1359.637451171875
ETH-EUR,2021-02-03 19:00:00,1366.8026123046875,1347.0054931640625,0,1347.0054931640625,1365.9132080078125
ETH-EUR,2021-02-03 20:00:00,1354.9332275390625,1333.6324462890625,0,1353.8216552734375,1346.3929443359375
ETH-EUR,2021-02-03 21:00:00,1362.2489013671875,1347.5467529296875,0,1351.5460205078125,1354.3411865234375
ETH-EUR,2021-02-03 22:00:00,1365.1356201171875,1352.1448974609375,0,1358.2476806640625,1352.1448974609375
ETH-EUR,2021-02-03 23:00:00,1378.623291015625,1353.1380615234375,599457792,1377.9151611328125,1357.62841796875
ETH-EUR,2021-02-04 00:00:00,1389.383544921875,1379.3355712890625,557314048,1385.850341796875,1379.3355712890625
ETH-EUR,2021-02-04 01:00:00,1403.107666015625,1386.441650390625,899829760,1402.2056884765625,1386.441650390625
ETH-EUR,2021-02-04 02:00:00,1403.4022216796875,1372.2352294921875,487325696,1386.8895263671875,1402.0784912109375
ETH-EUR,2021-02-04 03:00:00,1396.1348876953125,1364.27099609375,126091264,1366.5032958984375,1386.979248046875
ETH-EUR,2021-02-04 04:00:00,1382.836669921875,1363.21875,55472128,1381.08251953125,1366.4549560546875
ETH-EUR,2021-02-04 05:00:00,1387.0960693359375,1372.6131591796875,152399872,1376.9942626953125,1381.271728515625
ETH-EUR,2021-02-04 06:00:00,1395.9442138671875,1372.677490234375,168198144,1394.7235107421875,1376.6710205078125
ETH-EUR,2021-02-04 07:00:00,1398.3497314453125,1385.49658203125,0,1387.2562255859375,1394.8013916015625
ETH-EUR,2021-02-04 08:00:00,1400.789306640625,1378.89990234375,117440512,1378.89990234375,1387.1234130859375
ETH-EUR,2021-02-04 09:00:00,1377.8531494140625,1330.99951171875,1742614528,1362.46728515625,1377.8531494140625
ETH-EUR,2021-02-04 10:00:00,1372.49658203125,1362.81591796875,671113216,1367.0587158203125,1364.5928955078125
ETH-EUR,2021-02-04 11:00:00,1367.295166015625,1350.453369140625,303435776,1350.453369140625,1366.798828125
ETH-EUR,2021-02-04 12:00:00,1366.1878662109375,1342.668701171875,374927360,1366.1878662109375,1349.065185546875
ETH-EUR,2021-02-04 13:00:00,1364.881103515625,1350.3780517578125,0,1363.13623046875,1364.881103515625
ETH-EUR,2021-02-04 14:00:00,1365.1185302734375,1326.4774169921875,54874112,1326.4774169921875,1362.7093505859375
ETH-EUR,2021-02-04 15:00:00,1331.447021484375,1304.408447265625,209092608,1318.3819580078125,1326.818115234375
ETH-EUR,2021-02-04 16:00:00,1357.6805419921875,1316.1280517578125,0,1357.6805419921875,1317.709228515625
ETH-EUR,2021-02-04 17:00:00,1372.3818359375,1357.3853759765625,41885696,1359.541748046875,1357.488037109375
ETH-EUR,2021-02-04 18:00:00,1376.063720703125,1359.63330078125,0,1376.063720703125,1359.63330078125
ETH-EUR,2021-02-04 19:00:00,1387.235595703125,1368.052734375,257200128,1375.5513916015625,1376.3082275390625
ETH-EUR,2021-02-04 20:00:00,1390.0108642578125,1371.857421875,0,1376.8475341796875,1376.4468994140625
ETH-EUR,2021-02-04 21:00:00,1384.5286865234375,1362.6976318359375,0,1369.798583984375,1377.9832763671875
ETH-EUR,2021-02-04 22:00:00,1368.8948974609375,1338.973388671875,201445376,1355.5118408203125,1368.8948974609375
ETH-EUR,2021-02-04 23:00:00,1358.776611328125,1332.2530517578125,0,1332.664794921875,1355.506591796875
ETH-EUR,2021-02-05 00:00:00,1351.3768310546875,1332.7623291015625,0,1347.09033203125,1332.7623291015625
ETH-EUR,2021-02-05 01:00:00,1354.2843017578125,1337.021484375,0,1340.8624267578125,1347.360107421875
ETH-EUR,2021-02-05 02:00:00,1347.1082763671875,1334.861572265625,0,1347.1082763671875,1340.1171875
ETH-EUR,2021-02-05 03:00:00,1377.5850830078125,1347.9686279296875,539844608,1367.5089111328125,1347.9686279296875
ETH-EUR,2021-02-05 04:00:00,1369.66455078125,1362.0662841796875,0,1365.11767578125,1367.6038818359375
ETH-EUR,2021-02-05 05:00:00,1371.492919921875,1356.432373046875,33292288,1365.2418212890625,1365.442626953125
ETH-EUR,2021-02-05 06:00:00,1384.713134765625,1362.92919921875,386846720,1374.031494140625,1365.1595458984375
ETH-EUR,2021-02-05 07:00:00,1390.53173828125,1373.878662109375,518639616,1385.04443359375,1373.878662109375
ETH-EUR,2021-02-05 08:00:00,1389.7958984375,1376.77294921875,0,1388.5897216796875,1385.101806640625
ETH-EUR,2021-02-05 09:00:00,1393.33203125,1384.6085205078125,0,1384.6085205078125,1388.8883056640625
ETH-EUR,2021-02-05 10:00:00,1388.0987548828125,1373.0401611328125,0,1375.055419921875,1383.859130859375
ETH-EUR,2021-02-05 11:00:00,1385.4876708984375,1373.283203125,0,1385.4876708984375,1375.1683349609375
ETH-EUR,2021-02-05 12:00:00,1394.763671875,1383.7210693359375,120954880,1385.9046630859375,1385.547607421875
ETH-EUR,2021-02-05 13:00:00,1426.94775390625,1385.780517578125,1407934464,1426.444091796875,1385.780517578125
ETH-EUR,2021-02-05 14:00:00,1449.396240234375,1422.5634765625,1242025984,1445.114501953125,1427.5184326171875
ETH-EUR,2021-02-05 15:00:00,1449.884033203125,1431.947021484375,0,1443.097900390625,1445.2127685546875
ETH-EUR,2021-02-05 16:00:00,1460.310546875,1420.8245849609375,0,1420.8245849609375,1443.442626953125
ETH-EUR,2021-02-05 17:00:00,1435.478515625,1423.165283203125,0,1432.0721435546875,1423.165283203125
ETH-EUR,2021-02-05 18:00:00,1432.6207275390625,1403.7999267578125,0,1403.7999267578125,1431.7513427734375
ETH-EUR,2021-02-05 19:00:00,1419.6453857421875,1398.052490234375,214714368,1419.6453857421875,1403.6337890625
ETH-EUR,2021-02-05 20:00:00,1426.068603515625,1407.8994140625,64032768,1424.9827880859375,1419.5245361328125
ETH-EUR,2021-02-05 21:00:00,1428.1029052734375,1419.382568359375,3753984,1425.662109375,1424.80517578125
ETH-EUR,2021-02-05 22:00:00,1425.75927734375,1411.6605224609375,0,1413.950927734375,1425.75927734375
ETH-EUR,2021-02-05 23:00:00,1427.0635986328125,1411.0289306640625,122030080,1427.0120849609375,1414.282470703125
ETH-EUR,2021-02-06 00:00:00,1442.6983642578125,1424.3126220703125,468185088,1434.2838134765625,1426.4114990234375
ETH-EUR,2021-02-06 01:00:00,1434.440185546875,1372.9287109375,1346967552,1391.5609130859375,1434.440185546875
ETH-EUR,2021-02-06 02:00:00,1400.04443359375,1384.6708984375,1392091136,1394.32666015625,1389.74267578125
ETH-EUR,2021-02-06 03:00:00,1396.0107421875,1380.89892578125,55857152,1394.8515625,1394.074951171875
ETH-EUR,2021-02-06 04:00:00,1394.9293212890625,1384.0465087890625,446455808,1386.9649658203125,1394.712890625
ETH-EUR,2021-02-06 05:00:00,1387.1512451171875,1368.6297607421875,388780032,1377.6539306640625,1386.9375
ETH-EUR,2021-02-06 06:00:00,1391.2728271484375,1377.6768798828125,161542144,1391.2728271484375,1377.780517578125
ETH-EUR,2021-02-06 07:00:00,1392.51806640625,1388.6031494140625,0,1392.4732666015625,1391.2515869140625
ETH-EUR,2021-02-06 08:00:00,1415.53759765625,1388.5645751953125,712925184,1410.4302978515625,1391.8817138671875
ETH-EUR,2021-02-06 09:00:00,1422.8052978515625,1406.6351318359375,411803648,1406.6351318359375,1410.1351318359375
ETH-EUR,2021-02-06 10:00:00,1407.2791748046875,1392.947021484375,92037120,1405.648193359375,1407.2791748046875
ETH-EUR,2021-02-06 11:00:00,1407.392822265625,1392.1578369140625,951312384,1395.954345703125,1405.51171875
ETH-EUR,2021-02-06 12:00:00,1401.34619140625,1384.97509765625,75960320,1394.0458984375,1395.482421875
ETH-EUR,2021-02-06 13:00:00,1399.872314453125,1390.6834716796875,0,1393.764404296875,1394.447509765625
ETH-EUR,2021-02-06 14:00:00,1407.185791015625,1392.7271728515625,0,1399.7628173828125,1393.048828125
ETH-EUR,2021-02-06 15:00:00,1404.80126953125,1391.9771728515625,0,1391.9771728515625,1399.8470458984375
ETH-EUR,2021-02-06 16:00:00,1402.2684326171875,1380.36181640625,0,1402.2684326171875,1391.8914794921875
ETH-EUR,2021-02-06 17:00:00,1413.2222900390625,1394.0755615234375,0,1412.4580078125,1402.168212890625
ETH-EUR,2021-02-06 18:00:00,1419.514404296875,1405.3314208984375,0,1414.0660400390625,1412.407470703125
ETH-EUR,2021-02-06 19:00:00,1421.16259765625,1409.3983154296875,26839040,1415.96044921875,1414.324462890625
ETH-EUR,2021-02-06 20:00:00,1416.3687744140625,1399.035400390625,608454656,1406.1875,1416.1888427734375
ETH-EUR,2021-02-06 21:00:00,1420.1552734375,1404.9676513671875,0,1417.021728515625,1406.1378173828125
ETH-EUR,2021-02-06 22:00:00,1421.1845703125,1407.918701171875,0,1410.339111328125,1417.0302734375
ETH-EUR,2021-02-06 23:00:00,1410.667724609375,1391.513427734375,212101120,1391.513427734375,1410.4134521484375
ETH-EUR,2021-02-07 00:00:00,1402.6307373046875,1389.7733154296875,0,1394.880859375,1392.513916015625
ETH-EUR,2021-02-07 01:00:00,1396.5970458984375,1361.1094970703125,0,1361.1094970703125,1394.737060546875
ETH-EUR,2021-02-07 02:00:00,1364.58837890625,1341.3731689453125,0,1352.4425048828125,1361.8590087890625
ETH-EUR,2021-02-07 03:00:00,1354.6319580078125,1343.766845703125,0,1348.434814453125,1352.1871337890625
ETH-EUR,2021-02-07 04:00:00,1354.60009765625,1325.0335693359375,428095488,1336.0234375,1348.45166015625
ETH-EUR,2021-02-07 05:00:00,1344.044677734375,1332.69091796875,0,1343.7554931640625,1335.778076171875
ETH-EUR,2021-02-07 06:00:00,1343.361083984375,1336.1934814453125,0,1337.3746337890625,1343.361083984375
ETH-EUR,2021-02-07 07:00:00,1358.367919921875,1336.9744873046875,535457792,1355.66357421875,1337.3817138671875
ETH-EUR,2021-02-07 08:00:00,1365.787109375,1354.23583984375,0,1358.4559326171875,1355.666259765625
ETH-EUR,2021-02-07 09:00:00,1361.287109375,1356.114990234375,0,1357.6710205078125,1359.14794921875
ETH-EUR,2021-02-07 10:00:00,1372.4310302734375,1357.5509033203125,0,1360.208984375,1357.8719482421875
ETH-EUR,2021-02-07 11:00:00,1359.941650390625,1343.224853515625,0,1350.35595703125,1359.941650390625
ETH-EUR,2021-02-07 12:00:00,1350.4140625,1332.762451171875,0,1341.7779541015625,1350.4140625
ETH-EUR,2021-02-07 13:00:00,1349.9947509765625,1314.39013671875,710227968,1318.0316162109375,1341.5147705078125
ETH-EUR,2021-02-07 14:00:00,1318.5147705078125,1302.193603515625,796905472,1305.810546875,1318.5147705078125
ETH-EUR,2021-02-07 15:00:00,1307.382568359375,1271.4613037109375,1015812096,1278.5401611328125,1305.5887451171875
ETH-EUR,2021-02-07 16:00:00,1287.00048828125,1246.3641357421875,0,1287.00048828125,1277.9256591796875
ETH-EUR,2021-02-07 17:00:00,1305.506591796875,1287.6361083984375,657328128,1290.751708984375,1288.0643310546875
ETH-EUR,2021-02-07 18:00:00,1314.0633544921875,1290.9818115234375,482840576,1313.7208251953125,1291.125732421875
ETH-EUR,2021-02-07 19:00:00,1316.915283203125,1303.09814453125,111403008,1303.09814453125,1313.888671875
ETH-EUR,2021-02-07 20:00:00,1314.0115966796875,1295.2691650390625,205234176,1313.9345703125,1301.7373046875
ETH-EUR,2021-02-07 21:00:00,1329.3802490234375,1310.040283203125,402436096,1328.2877197265625,1313.7357177734375
ETH-EUR,2021-02-07 22:00:00,1328.291748046875,1310.4217529296875,0,1325.0885009765625,1328.291748046875
ETH-EUR,2021-02-07 23:00:00,1344.6251220703125,1325.2353515625,309581824,1338.375,1325.5263671875
ETH-EUR,2021-02-08 00:00:00,1349.677734375,1328.8551025390625,310132736,1331.1190185546875,1339.759033203125
ETH-EUR,2021-02-08 01:00:00,1330.787353515625,1313.9632568359375,0,1323.7476806640625,1329.2977294921875
ETH-EUR,2021-02-08 02:00:00,1330.544921875,1305.9278564453125,0,1307.8824462890625,1323.549560546875
ETH-EUR,2021-02-08 03:00:00,1318.353271484375,1305.832763671875,68880384,1314.1146240234375,1307.3125
ETH-EUR,2021-02-08 04:00:00,1344.5732421875,1312.71875,346277888,1343.7933349609375,1313.8720703125
ETH-EUR,2021-02-08 05:00:00,1346.0269775390625,1335.4173583984375,0,1336.095703125,1343.6207275390625
ETH-EUR,2021-02-08 06:00:00,1357.3553466796875,1335.8966064453125,518991872,1353.6180419921875,1335.8966064453125
ETH-EUR,2021-02-08 07:00:00,1364.0250244140625,1350.7747802734375,136478720,1359.951416015625,1353.537841796875
ETH-EUR,2021-02-08 08:00:00,1368.65478515625,1353.9296875,181686272,1356.1531982421875,1360.0260009765625
ETH-EUR,2021-02-08 09:00:00,1369.1361083984375,1353.497802734375,209119232,1353.497802734375,1356.27099609375
ETH-EUR,2021-02-08 10:00:00,1365.707275390625,1353.191650390625,103526400,1365.455810546875,1353.2618408203125
ETH-EUR,2021-02-08 11:00:00,1381.0523681640625,1365.860595703125,590045184,1375.2392578125,1365.860595703125
ETH-EUR,2021-02-08 12:00:00,1410.127197265625,1368.68603515625,1933008896,1410.127197265625,1376.0037841796875
ETH-EUR,2021-02-08 13:00:00,1425.8099365234375,1396.5655517578125,2750709760,1396.5655517578125,1411.101806640625
ETH-EUR,2021-02-08 14:00:00,1420.726318359375,1397.1373291015625,518758400,1418.4368896484375,1397.567626953125
ETH-EUR,2021-02-08 15:00:00,1448.3382568359375,1416.0770263671875,617644032,1442.8878173828125,1417.96337890625
ETH-EUR,2021-02-08 16:00:00,1469.4310302734375,1426.8685302734375,0,1428.7501220703125,1441.5836181640625
ETH-EUR,2021-02-08 17:00:00,1427.84326171875,1413.9422607421875,27279360,1417.0706787109375,1427.84326171875
ETH-EUR,2021-02-08 18:00:00,1419.7984619140625,1403.1839599609375,0,1407.8365478515625,1416.0201416015625
ETH-EUR,2021-02-08 19:00:00,1414.054443359375,1403.375244140625,158949376,1405.6114501953125,1408.234375
ETH-EUR,2021-02-08 20:00:00,1426.7301025390625,1404.6629638671875,732254208,1425.156494140625,1405.947998046875
ETH-EUR,2021-02-08 21:00:00,1426.7828369140625,1411.12890625,421466112,1411.12890625,1425.528076171875
ETH-EUR,2021-02-08 22:00:00,1423.7647705078125,1408.7777099609375,573685760,1422.7752685546875,1410.828369140625
ETH-EUR,2021-02-08 23:00:00,1449.9317626953125,1416.7923583984375,1571786752,1448.8951416015625,1422.6099853515625
ETH-EUR,2021-02-09 00:00:00,1462.668212890625,1438.262451171875,1274761216,1449.350830078125,1449.1854248046875
ETH-EUR,2021-02-09 01:00:00,1450.33154296875,1432.543701171875,0,1433.0172119140625,1449.7401123046875
ETH-EUR,2021-02-09 02:00:00,1434.5040283203125,1419.04638671875,155365376,1425.9273681640625,1433.2569580078125
ETH-EUR,2021-02-09 03:00:00,1435.8529052734375,1420.4346923828125,409448448,1435.6162109375,1426.0550537109375
ETH-EUR,2021-02-09 04:00:00,1445.9891357421875,1430.65283203125,169635840,1442.2374267578125,1435.7552490234375
ETH-EUR,2021-02-09 05:00:00,1446.18017578125,1433.5943603515625,173400064,1446.18017578125,1442.3287353515625
ETH-EUR,2021-02-09 06:00:00,1462.24609375,1434.66064453125,988786688,1462.24609375,1446.4583740234375
ETH-EUR,2021-02-09 07:00:00,1462.562255859375,1446.165771484375,670953472,1448.8216552734375,1462.1466064453125
ETH-EUR,2021-02-09 08:00:00,1497.6143798828125,1448.8524169921875,2408710144,1490.6519775390625,1449.0244140625
ETH-EUR,2021-02-09 09:00:00,1500.759521484375,1458.160888671875,723329024,1466.4656982421875,1490.195068359375
ETH-EUR,2021-02-09 10:00:00,1466.6396484375,1429.888916015625,365641728,1429.888916015625,1466.6396484375
ETH-EUR,2021-02-09 11:00:00,1450.9312744140625,1430.908447265625,318472192,1446.7498779296875,1430.908447265625
ETH-EUR,2021-02-09 12:00:00,1456.52392578125,1426.915771484375,0,1432.855712890625,1446.7388916015625
ETH-EUR,2021-02-09 13:00:00,1438.091796875,1421.5557861328125,0,1438.091796875,1431.325439453125
ETH-EUR,2021-02-09 14:00:00,1449.332763671875,1433.9281005859375,0,1449.332763671875,1437.6920166015625
ETH-EUR,2021-02-09 15:00:00,1450.75244140625,1443.3045654296875,0,1446.205810546875,1449.3115234375
ETH-EUR,2021-02-09 16:00:00,1452.431640625,1426.3427734375,0,1432.167724609375,1445.9017333984375
ETH-EUR,2021-02-09 17:00:00,1441.5570068359375,1431.4378662109375,0,1435.3150634765625,1432.3177490234375
ETH-EUR,2021-02-09 18:00:00,1448.4168701171875,1435.4454345703125,161267712,1445.4859619140625,1435.4454345703125
ETH-EUR,2021-02-09 19:00:00,1456.342529296875,1439.6134033203125,294297600,1456.342529296875,1446.678955078125
ETH-EUR,2021-02-09 20:00:00,1473.9794921875,1457.133056640625,215052288,1458.1844482421875,1457.133056640625
ETH-EUR,2021-02-09 21:00:00,1459.7818603515625,1453.222900390625,0,1455.5335693359375,1457.6986083984375
ETH-EUR,2021-02-09 22:00:00,1456.543701171875,1447.837646484375,0,1455.4476318359375,1455.8447265625
ETH-EUR,2021-02-09 23:00:00,1464.4747314453125,1445.700439453125,0,1459.155517578125,1454.9188232421875
ETH-EUR,2021-02-10 00:00:00,1478.5968017578125,1452.1053466796875,0,1478.312255859375,1460.63232421875
ETH-EUR,2021-02-10 01:00:00,1476.66552734375,1470.0162353515625,0,1476.66552734375,1472.496337890625
ETH-EUR,2021-02-10 02:00:00,1496.518310546875,1478.233642578125,1058406400,1489.0743408203125,1478.233642578125
ETH-EUR,2021-02-10 03:00:00,1496.6595458984375,1483.452880859375,158531584,1485.0760498046875,1488.9979248046875
ETH-EUR,2021-02-10 04:00:00,1489.199462890625,1460.9560546875,157552640,1470.6541748046875,1485.9698486328125
ETH-EUR,2021-02-10 05:00:00,1483.1673583984375,1469.835693359375,404217856,1481.413818359375,1471.7791748046875
ETH-EUR,2021-02-10 06:00:00,1497.5963134765625,1482.0260009765625,79142912,1486.7139892578125,1482.1060791015625
ETH-EUR,2021-02-10 07:00:00,1493.559814453125,1484.2431640625,0,1490.9798583984375,1486.010986328125
ETH-EUR,2021-02-10 08:00:00,1506.3800048828125,1478.035400390625,0,1483.8779296875,1492.5850830078125
ETH-EUR,2021-02-10 09:00:00,1492.85888671875,1472.513916015625,0,1477.3143310546875,1484.0992431640625
ETH-EUR,2021-02-10 10:00:00,1489.051025390625,1474.272216796875,0,1477.34619140625,1475.1593017578125
ETH-EUR,2021-02-10 11:00:00,1478.39111328125,1464.86865234375,0,1475.1463623046875,1477.4111328125
ETH-EUR,2021-02-10 12:00:00,1475.8348388671875,1417.127197265625,891822080,1442.7509765625,1475.8348388671875
ETH-EUR,2021-02-10 13:00:00,1445.215576171875,1428.3621826171875,263421952,1438.533447265625,1442.672607421875
ETH-EUR,2021-02-10 14:00:00,1450.5264892578125,1420.5413818359375,585801728,1424.3480224609375,1438.5999755859375
ETH-EUR,2021-02-10 15:00:00,1421.4378662109375,1390.790283203125,747331584,1406.882568359375,1418.5960693359375
ETH-EUR,2021-02-10 16:00:00,1427.6856689453125,1399.2108154296875,0,1427.6856689453125,1405.5616455078125
ETH-EUR,2021-02-10 17:00:00,1438.4736328125,1418.5767822265625,0,1433.448974609375,1427.933349609375
ETH-EUR,2021-02-10 18:00:00,1437.2125244140625,1425.882080078125,0,1432.7783203125,1432.9637451171875
ETH-EUR,2021-02-10 19:00:00,1438.1187744140625,1421.6800537109375,221581312,1437.49951171875,1433.529541015625
ETH-EUR,2021-02-10 20:00:00,1437.5428466796875,1418.2724609375,0,1419.073486328125,1437.049072265625
ETH-EUR,2021-02-10 21:00:00,1423.8408203125,1412.140625,296927232,1423.1689453125,1416.216552734375
ETH-EUR,2021-02-10 22:00:00,1439.8436279296875,1423.3109130859375,200800256,1439.8436279296875,1423.3109130859375
ETH-EUR,2021-02-10 23:00:00,1447.898193359375,1437.0059814453125,118534144,1439.25146484375,1439.7659912109375
ETH-EUR,2021-02-11 00:00:00,1438.7803955078125,1415.7991943359375,0,1419.563720703125,1438.7803955078125
ETH-EUR,2021-02-11 01:00:00,1421.427734375,1410.4976806640625,104775680,1418.0145263671875,1419.447021484375
ETH-EUR,2021-02-11 02:00:00,1425.9310302734375,1412.9515380859375,0,1425.9051513671875,1417.2882080078125
ETH-EUR,2021-02-11 03:00:00,1432.619140625,1425.9652099609375,0,1432.619140625,1425.9652099609375
ETH-EUR,2021-02-11 04:00:00,1436.0123291015625,1420.5169677734375,0,1421.7459716796875,1436.0123291015625
ETH-EUR,2021-02-11 05:00:00,1425.855224609375,1418.89404296875,4376823808,1419.1922607421875,1422.419921875
ETH-EUR,2021-02-11 06:00:00,1429.3046875,1419.108642578125,0,1424.1710205078125,1419.108642578125
ETH-EUR,2021-02-11 07:00:00,1438.9610595703125,1423.914306640625,0,1431.8260498046875,1423.914306640625
ETH-EUR,2021-02-11 08:00:00,1443.331298828125,1430.9222412109375,0,1443.331298828125,1432.1204833984375
ETH-EUR,2021-02-11 09:00:00,1455.69677734375,1439.251220703125,225558528,1455.69677734375,1443.635009765625
ETH-EUR,2021-02-11 10:00:00,1469.4583740234375,1452.298095703125,515479552,1469.4583740234375,1455.6788330078125
ETH-EUR,2021-02-11 11:00:00,1471.15283203125,1456.2181396484375,0,1456.3876953125,1470.0750732421875
ETH-EUR,2021-02-11 12:00:00,1472.41943359375,1455.703125,0,1464.6475830078125,1456.450927734375
ETH-EUR,2021-02-11 13:00:00,1487.451904296875,1464.40380859375,806668288,1472.3575439453125,1464.40380859375
ETH-EUR,2021-02-11 14:00:00,1481.1700439453125,1470.0882568359375,0,1480.7579345703125,1471.5582275390625
ETH-EUR,2021-02-11 15:00:00,1483.4010009765625,1473.0428466796875,0,1477.8065185546875,1480.491455078125
ETH-EUR,2021-02-11 16:00:00,1486.529541015625,1475.2076416015625,0,1478.029541015625,1478.2344970703125
ETH-EUR,2021-02-11 17:00:00,1477.9215087890625,1469.2623291015625,338823168,1474.478515625,1477.7843017578125
ETH-EUR,2021-02-11 18:00:00,1477.78076171875,1467.791259765625,349753344,1476.4111328125,1474.1639404296875
ETH-EUR,2021-02-11 19:00:00,1480.7286376953125,1475.0928955078125,0,1475.661865234375,1476.57373046875
ETH-EUR,2021-02-11 20:00:00,1485.4127197265625,1453.88623046875,565020672,1454.88623046875,1475.5418701171875
ETH-EUR,2021-02-11 21:00:00,1460.237548828125,1453.20458984375,433543168,1456.984130859375,1455.281005859375
ETH-EUR,2021-02-11 22:00:00,1467.5989990234375,1456.8043212890625,318111744,1466.8802490234375,1456.985107421875
ETH-EUR,2021-02-11 23:00:00,1473.7396240234375,1466.9320068359375,41977856,1468.1390380859375,1467.0743408203125
ETH-EUR,2021-02-12 00:00:00,1484.503173828125,1470.2371826171875,298512384,1473.6136474609375,1470.4881591796875
ETH-EUR,2021-02-12 01:00:00,1476.3388671875,1472.4515380859375,9322496,1474.14404296875,1473.455810546875
ETH-EUR,2021-02-12 02:00:00,1474.395751953125,1462.471923828125,386541568,1463.62060546875,1473.9066162109375
ETH-EUR,2021-02-12 03:00:00,1463.6484375,1456.2686767578125,296644608,1456.98828125,1463.4984130859375
ETH-EUR,2021-02-12 04:00:00,1456.892578125,1438.84521484375,643674112,1441.425048828125,1456.892578125
ETH-EUR,2021-02-12 05:00:00,1455.146728515625,1441.8668212890625,463912960,1451.5430908203125,1441.9591064453125
ETH-EUR,2021-02-12 06:00:00,1452.99560546875,1442.2047119140625,322265088,1452.99560546875,1451.5025634765625
ETH-EUR,2021-02-12 07:00:00,1461.767578125,1451.07275390625,250388480,1460.8079833984375,1452.9383544921875
ETH-EUR,2021-02-12 08:00:00,1465.70654296875,1456.5081787109375,124553216,1459.66357421875,1460.535888671875
ETH-EUR,2021-02-12 09:00:00,1459.7801513671875,1449.43115234375,0,1456.3876953125,1459.7801513671875
ETH-EUR,2021-02-12 10:00:00,1463.6988525390625,1456.2724609375,0,1460.1312255859375,1456.2724609375
ETH-EUR,2021-02-12 11:00:00,1471.2301025390625,1460.0191650390625,82073600,1468.4658203125,1460.0450439453125
ETH-EUR,2021-02-12 12:00:00,1469.9976806640625,1462.806884765625,237717504,1468.9033203125,1468.385986328125
ETH-EUR,2021-02-12 13:00:00,1484.090087890625,1468.5650634765625,0,1482.7784423828125,1468.9603271484375
ETH-EUR,2021-02-12 14:00:00,1488.9705810546875,1451.8807373046875,417347584,1454.4930419921875,1482.61181640625
ETH-EUR,2021-02-12 15:00:00,1478.384521484375,1454.8759765625,645621760,1477.1102294921875,1454.95458984375
ETH-EUR,2021-02-12 16:00:00,1497.144287109375,1476.9393310546875,0,1496.0657958984375,1476.9859619140625
ETH-EUR,2021-02-12 17:00:00,1522.373779296875,1496.4017333984375,879095808,1521.868408203125,1496.4017333984375
ETH-EUR,2021-02-12 18:00:00,1522.7593994140625,1499.9256591796875,485345280,1505.1751708984375,1522.0980224609375
ETH-EUR,2021-02-12 19:00:00,1518.2362060546875,1505.4666748046875,386148352,1517.9610595703125,1505.5806884765625
ETH-EUR,2021-02-12 20:00:00,1533.65869140625,1518.2562255859375,0,1526.3853759765625,1518.2562255859375
ETH-EUR,2021-02-12 21:00:00,1528.6864013671875,1519.061767578125,0,1528.0162353515625,1526.468994140625
ETH-EUR,2021-02-12 22:00:00,1527.671630859375,1516.8194580078125,125251584,1524.630859375,1527.671630859375
ETH-EUR,2021-02-12 23:00:00,1535.75341796875,1514.48095703125,394262528,1521.6197509765625,1524.47021484375
ETH-EUR,2021-02-13 00:00:00,1534.2232666015625,1521.047119140625,71346176,1531.277587890625,1521.047119140625
ETH-EUR,2021-02-13 01:00:00,1535.6639404296875,1524.61865234375,103696384,1533.72119140625,1531.342529296875
ETH-EUR,2021-02-13 02:00:00,1534.830810546875,1525.70654296875,49217536,1534.2694091796875,1533.2996826171875
ETH-EUR,2021-02-13 03:00:00,1544.1646728515625,1530.8228759765625,434735104,1541.2596435546875,1534.125732421875
ETH-EUR,2021-02-13 04:00:00,1541.314453125,1533.186767578125,0,1533.186767578125,1541.314453125
ETH-EUR,2021-02-13 05:00:00,1533.8302001953125,1520.3056640625,143050752,1526.9010009765625,1533.061279296875
ETH-EUR,2021-02-13 06:00:00,1527.7138671875,1509.9700927734375,185100288,1520.9095458984375,1526.775634765625
ETH-EUR,2021-02-13 07:00:00,1522.631103515625,1497.6904296875,37251072,1498.496826171875,1520.6947021484375
ETH-EUR,2021-02-13 08:00:00,1508.4207763671875,1490.979248046875,674621440,1508.1007080078125,1497.8251953125
ETH-EUR,2021-02-13 09:00:00,1515.5726318359375,1505.85400390625,285624320,1511.072998046875,1508.081298828125
ETH-EUR,2021-02-13 10:00:00,1511.05078125,1488.4796142578125,551313408,1488.4796142578125,1511.05078125
ETH-EUR,2021-02-13 11:00:00,1488.3759765625,1460.8416748046875,774617088,1464.4193115234375,1488.3759765625
ETH-EUR,2021-02-13 12:00:00,1490.080078125,1461.62060546875,1008615424,1485.2041015625,1464.50439453125
ETH-EUR,2021-02-13 13:00:00,1492.64892578125,1477.7236328125,421703680,1490.5767822265625,1485.0296630859375
ETH-EUR,2021-02-13 14:00:00,1490.6142578125,1480.8111572265625,0,1490.6142578125,1490.5599365234375
ETH-EUR,2021-02-13 15:00:00,1503.414794921875,1490.4552001953125,224063488,1497.9820556640625,1490.4552001953125
ETH-EUR,2021-02-13 16:00:00,1502.087646484375,1486.7257080078125,0,1493.02294921875,1498.1612548828125
ETH-EUR,2021-02-13 17:00:00,1492.677490234375,1474.5341796875,0,1474.5341796875,1492.5638427734375
ETH-EUR,2021-02-13 18:00:00,1491.80517578125,1474.962890625,0,1487.6368408203125,1474.962890625
ETH-EUR,2021-02-13 19:00:00,1491.394287109375,1481.174072265625,0,1484.7249755859375,1487.4849853515625
ETH-EUR,2021-02-13 20:00:00,1484.545166015625,1475.8935546875,0,1484.1019287109375,1484.545166015625
ETH-EUR,2021-02-13 21:00:00,1497.91162109375,1484.2725830078125,216424448,1494.895263671875,1484.2725830078125
ETH-EUR,2021-02-13 22:00:00,1499.5474853515625,1493.75244140625,46295040,1496.2664794921875,1495.0106201171875
ETH-EUR,2021-02-13 23:00:00,1503.02685546875,1496.2662353515625,0,1496.971435546875,1496.47265625
ETH-EUR,2021-02-14 00:00:00,1508.1527099609375,1493.158447265625,177520640,1507.0096435546875,1496.7294921875
ETH-EUR,2021-02-14 01:00:00,1515.8992919921875,1507.4415283203125,156438528,1511.4619140625,1507.4415283203125
ETH-EUR,2021-02-14 02:00:00,1519.9425048828125,1509.6759033203125,191811584,1509.6759033203125,1511.6025390625
ETH-EUR,2021-02-14 03:00:00,1509.7376708984375,1499.3843994140625,0,1499.3843994140625,1509.7376708984375
ETH-EUR,2021-02-14 04:00:00,1500.7310791015625,1490.6612548828125,248776704,1497.342529296875,1499.0665283203125
ETH-EUR,2021-02-14 05:00:00,1514.5968017578125,1496.3912353515625,402620416,1514.5968017578125,1497.4129638671875
ETH-EUR,2021-02-14 06:00:00,1524.817626953125,1514.4791259765625,870973440,1518.1016845703125,1515.2115478515625
ETH-EUR,2021-02-14 07:00:00,1518.0584716796875,1510.7645263671875,0,1514.380615234375,1518.0584716796875
ETH-EUR,2021-02-14 08:00:00,1517.3662109375,1508.2218017578125,0,1509.415283203125,1514.4022216796875
ETH-EUR,2021-02-14 09:00:00,1516.54296875,1508.7777099609375,34428928,1515.782958984375,1509.4951171875
ETH-EUR,2021-02-14 10:00:00,1521.9945068359375,1515.4951171875,0,1515.4951171875,1515.864990234375
ETH-EUR,2021-02-14 11:00:00,1515.4407958984375,1508.4190673828125,0,1510.9578857421875,1515.4407958984375
ETH-EUR,2021-02-14 12:00:00,1519.2503662109375,1510.4207763671875,0,1516.2156982421875,1511.05859375
ETH-EUR,2021-02-14 13:00:00,1517.9676513671875,1493.919677734375,113477632,1494.4736328125,1516.3118896484375
ETH-EUR,2021-02-14 14:00:00,1501.6036376953125,1484.107177734375,331390976,1492.070556640625,1494.2362060546875
ETH-EUR,2021-02-14 15:00:00,1494.0341796875,1476.7669677734375,322080768,1478.434326171875,1491.9310302734375
ETH-EUR,2021-02-14 16:00:00,1490.0751953125,1479.2412109375,0,1489.6341552734375,1479.2412109375
ETH-EUR,2021-02-14 17:00:00,1493.802001953125,1488.5517578125,0,1488.5517578125,1490.080078125
ETH-EUR,2021-02-14 18:00:00,1492.2388916015625,1484.747802734375,8495104,1489.4478759765625,1488.4261474609375
ETH-EUR,2021-02-14 19:00:00,1492.4056396484375,1484.1055908203125,104396800,1489.33447265625,1489.4005126953125
ETH-EUR,2021-02-14 20:00:00,1499.4156494140625,1487.624755859375,25309184,1498.6776123046875,1489.2625732421875
ETH-EUR,2021-02-14 21:00:00,1506.134765625,1497.165771484375,0,1505.8668212890625,1498.657470703125
ETH-EUR,2021-02-14 22:00:00,1510.2647705078125,1503.453857421875,251092992,1505.697998046875,1506.1956787109375
ETH-EUR,2021-02-14 23:00:00,1505.77685546875,1489.3349609375,21211136,1490.0145263671875,1505.77685546875
ETH-EUR,2021-02-15 00:00:00,1493.74365234375,1487.1446533203125,0,1491.394775390625,1489.2791748046875
ETH-EUR,2021-02-15 01:00:00,1492.802734375,1442.56591796875,968169472,1457.0263671875,1491.4822998046875
ETH-EUR,2021-02-15 02:00:00,1456.3140869140625,1388.1318359375,2310189056,1423.335205078125,1456.3140869140625
ETH-EUR,2021-02-15 03:00:00,1428.631103515625,1405.293701171875,1069217792,1420.78173828125,1422.9068603515625
ETH-EUR,2021-02-15 04:00:00,1421.9364013671875,1396.223388671875,793630720,1419.55029296875,1420.927734375
ETH-EUR,2021-02-15 05:00:00,1423.11083984375,1405.5035400390625,238499840,1420.142578125,1419.3865966796875
ETH-EUR,2021-02-15 06:00:00,1436.4896240234375,1419.959716796875,0,1432.917724609375,1420.2550048828125
ETH-EUR,2021-02-15 07:00:00,1445.8526611328125,1431.0179443359375,606359552,1442.4154052734375,1432.8515625
ETH-EUR,2021-02-15 08:00:00,1453.357421875,1436.0028076171875,492337152,1452.825439453125,1442.6103515625
ETH-EUR,2021-02-15 09:00:00,1455.5692138671875,1447.0211181640625,341428224,1453.5364990234375,1453.2469482421875
ETH-EUR,2021-02-15 10:00:00,1459.798828125,1447.639404296875,0,1459.798828125,1453.6033935546875
ETH-EUR,2021-02-15 11:00:00,1477.9249267578125,1458.976806640625,1111638016,1474.317626953125,1459.2796630859375
ETH-EUR,2021-02-15 12:00:00,1488.3924560546875,1466.571044921875,444882944,1487.5264892578125,1474.177001953125
ETH-EUR,2021-02-15 13:00:00,1492.7147216796875,1482.8272705078125,0,1486.6060791015625,1487.2398681640625
ETH-EUR,2021-02-15 14:00:00,1493.978515625,1479.3111572265625,0,1479.3447265625,1486.6583251953125
ETH-EUR,2021-02-15 15:00:00,1490.77294921875,1474.7813720703125,0,1490.77294921875,1478.76318359375
ETH-EUR,2021-02-15 16:00:00,1508.383544921875,1490.5589599609375,0,1500.3902587890625,1490.5589599609375
ETH-EUR,2021-02-15 17:00:00,1502.896484375,1493.594482421875,190920704,1497.716064453125,1500.2757568359375
ETH-EUR,2021-02-15 18:00:00,1502.6490478515625,1493.1456298828125,0,1493.1456298828125,1497.811767578125
ETH-EUR,2021-02-15 19:00:00,1503.262939453125,1490.8602294921875,229076992,1501.583251953125,1493.1043701171875
ETH-EUR,2021-02-15 20:00:00,1511.751220703125,1499.73486328125,344012800,1505.02880859375,1501.8026123046875
ETH-EUR,2021-02-15 21:00:00,1506.3448486328125,1480.94091796875,213831680,1480.94091796875,1505.25
ETH-EUR,2021-02-15 22:00:00,1479.5577392578125,1457.953369140625,538662912,1476.5006103515625,1479.5577392578125
ETH-EUR,2021-02-15 23:00:00,1487.9217529296875,1464.1568603515625,232830976,1464.49658203125,1476.935791015625
ETH-EUR,2021-02-16 00:00:00,1467.941650390625,1442.3602294921875,871378944,1462.139892578125,1466.9962158203125
ETH-EUR,2021-02-16 01:00:00,1480.7537841796875,1462.2147216796875,0,1477.8692626953125,1462.2147216796875
ETH-EUR,2021-02-16 02:00:00,1486.23876953125,1478.452880859375,0,1482.14990234375,1478.452880859375
ETH-EUR,2021-02-16 03:00:00,1502.1243896484375,1481.414306640625,0,1495.67578125,1482.3050537109375
ETH-EUR,2021-02-16 04:00:00,1502.88134765625,1492.4075927734375,0,1493.252685546875,1496.2608642578125
ETH-EUR,2021-02-16 05:00:00,1497.7518310546875,1488.3587646484375,0,1488.3587646484375,1493.297119140625
ETH-EUR,2021-02-16 06:00:00,1490.632080078125,1471.562255859375,0,1478.9317626953125,1488.5472412109375
ETH-EUR,2021-02-16 07:00:00,1482.35888671875,1473.9466552734375,0,1482.1820068359375,1479.4349365234375
ETH-EUR,2021-02-16 08:00:00,1486.376220703125,1477.382568359375,0,1483.8748779296875,1482.0784912109375
ETH-EUR,2021-02-16 09:00:00,1487.53564453125,1480.39013671875,0,1483.2286376953125,1484.259521484375
ETH-EUR,2021-02-16 10:00:00,1484.27685546875,1471.8775634765625,0,1475.7724609375,1483.818115234375
ETH-EUR,2021-02-16 11:00:00,1475.765625,1465.9984130859375,0,1466.54150390625,1475.765625
ETH-EUR,2021-02-16 12:00:00,1497.4901123046875,1457.60009765625,1402447872,1482.711181640625,1466.816162109375
ETH-EUR,2021-02-16 13:00:00,1483.384521484375,1468.99072265625,254849024,1471.541259765625,1482.81298828125
ETH-EUR,2021-02-16 14:00:00,1474.8896484375,1460.5369873046875,512067584,1473.022216796875,1471.1573486328125
ETH-EUR,2021-02-16 15:00:00,1478.6407470703125,1467.9071044921875,27623424,1469.448974609375,1473.197265625
ETH-EUR,2021-02-16 16:00:00,1468.877197265625,1447.7154541015625,0,1447.7154541015625,1468.877197265625
ETH-EUR,2021-02-16 17:00:00,1457.3009033203125,1444.177001953125,481785856,1451.6417236328125,1447.6148681640625
ETH-EUR,2021-02-16 18:00:00,1453.255126953125,1428.0875244140625,799866880,1452.564208984375,1450.8135986328125
ETH-EUR,2021-02-16 19:00:00,1454.8736572265625,1447.1427001953125,147716096,1450.928466796875,1452.6207275390625
ETH-EUR,2021-02-16 20:00:00,1450.3427734375,1430.033447265625,178673664,1445.9495849609375,1450.1922607421875
ETH-EUR,2021-02-16 21:00:00,1449.0030517578125,1438.0933837890625,109973504,1448.44775390625,1446.0203857421875
ETH-EUR,2021-02-16 22:00:00,1460.1446533203125,1446.6376953125,0,1460.1083984375,1448.0069580078125
ETH-EUR,2021-02-16 23:00:00,1474.1474609375,1459.839599609375,195448832,1474.01806640625,1459.839599609375
ETH-EUR,2021-02-17 00:00:00,1475.6470947265625,1463.9810791015625,0,1465.0162353515625,1473.7554931640625
ETH-EUR,2021-02-17 01:00:00,1468.3760986328125,1457.8306884765625,0,1459.143798828125,1464.83154296875
ETH-EUR,2021-02-17 02:00:00,1471.519287109375,1457.197021484375,459204608,1469.4945068359375,1457.197021484375
ETH-EUR,2021-02-17 03:00:00,1468.7711181640625,1444.70263671875,0,1451.0643310546875,1468.7711181640625
ETH-EUR,2021-02-17 04:00:00,1456.57080078125,1436.448486328125,0,1440.8658447265625,1451.1103515625
ETH-EUR,2021-02-17 05:00:00,1446.117431640625,1438.44091796875,295845888,1445.4661865234375,1439.9422607421875
ETH-EUR,2021-02-17 06:00:00,1468.3515625,1445.52685546875,721238016,1468.3515625,1445.52685546875
ETH-EUR,2021-02-17 07:00:00,1496.09375,1468.9564208984375,1323610112,1495.859619140625,1469.1668701171875
ETH-EUR,2021-02-17 08:00:00,1496.88232421875,1483.9813232421875,485566464,1489.81494140625,1496.88232421875
ETH-EUR,2021-02-17 09:00:00,1507.9677734375,1491.0478515625,1050058752,1504.94189453125,1492.634765625
ETH-EUR,2021-02-17 10:00:00,1509.1322021484375,1496.7105712890625,414836736,1496.7105712890625,1504.7357177734375
ETH-EUR,2021-02-17 11:00:00,1502.8028564453125,1497.0430908203125,435570688,1499.805419921875,1497.9742431640625
ETH-EUR,2021-02-17 12:00:00,1524.8585205078125,1498.9755859375,0,1508.4879150390625,1499.33056640625
ETH-EUR,2021-02-17 13:00:00,1516.2740478515625,1501.40673828125,100155392,1516.2740478515625,1511.715087890625
ETH-EUR,2021-02-17 14:00:00,1516.5484619140625,1501.7796630859375,0,1504.83642578125,1516.5484619140625
ETH-EUR,2021-02-17 15:00:00,1512.1685791015625,1504.7774658203125,393089024,1505.580078125,1505.7628173828125
ETH-EUR,2021-02-17 16:00:00,1514.5548095703125,1497.990966796875,0,1506.8612060546875,1506.467041015625
ETH-EUR,2021-02-17 17:00:00,1510.576171875,1505.9716796875,0,1510.576171875,1508.36767578125
ETH-EUR,2021-02-17 18:00:00,1514.3438720703125,1508.690673828125,0,1508.7298583984375,1509.7509765625
ETH-EUR,2021-02-17 19:00:00,1525.31591796875,1509.6690673828125,715202560,1525.31591796875,1509.6690673828125
ETH-EUR,2021-02-17 20:00:00,1527.939208984375,1518.4200439453125,164063232,1519.598876953125,1525.1116943359375
ETH-EUR,2021-02-17 21:00:00,1537.8026123046875,1515.404541015625,674318336,1537.8026123046875,1517.9200439453125
ETH-EUR,2021-02-17 22:00:00,1539.0379638671875,1521.1898193359375,263034880,1524.96875,1539.0379638671875
ETH-EUR,2021-02-17 23:00:00,1533.5406494140625,1523.342041015625,226529280,1531.1766357421875,1527.5955810546875
ETH-EUR,2021-02-18 00:00:00,1548.744384765625,1534.290283203125,744159232,1548.744384765625,1534.290283203125
ETH-EUR,2021-02-18 01:00:00,1588.0947265625,1549.274169921875,2084296704,1582.41162109375,1549.274169921875
ETH-EUR,2021-02-18 02:00:00,1587.6326904296875,1573.529541015625,485746688,1583.9527587890625,1582.6436767578125
ETH-EUR,2021-02-18 03:00:00,1584.6558837890625,1571.274658203125,0,1572.543701171875,1584.224853515625
ETH-EUR,2021-02-18 04:00:00,1579.2391357421875,1564.18115234375,246054912,1578.279541015625,1570.58056640625
ETH-EUR,2021-02-18 05:00:00,1584.6263427734375,1575.822998046875,103841792,1575.822998046875,1579.3955078125
ETH-EUR,2021-02-18 06:00:00,1581.2403564453125,1570.72412109375,0,1576.3450927734375,1576.89892578125
ETH-EUR,2021-02-18 07:00:00,1578.0830078125,1563.4940185546875,0,1575.3350830078125,1576.52783203125
ETH-EUR,2021-02-18 08:00:00,1579.53955078125,1566.4295654296875,0,1571.2572021484375,1575.7099609375
ETH-EUR,2021-02-18 09:00:00,1575.5921630859375,1561.3040771484375,0,1574.52587890625,1568.30517578125
ETH-EUR,2021-02-18 10:00:00,1596.26416015625,1574.28515625,692733952,1584.5364990234375,1574.28515625
ETH-EUR,2021-02-18 11:00:00,1588.8282470703125,1569.9229736328125,0,1571.644775390625,1586.9659423828125
ETH-EUR,2021-02-18 12:00:00,1576.705322265625,1562.85888671875,0,1574.2613525390625,1574.5863037109375
ETH-EUR,2021-02-18 13:00:00,1587.2373046875,1571.1767578125,37191680,1587.0233154296875,1573.6829833984375
ETH-EUR,2021-02-18 14:00:00,1592.5699462890625,1581.4833984375,4278272,1589.6396484375,1585.2220458984375
ETH-EUR,2021-02-18 15:00:00,1593.12158203125,1576.295654296875,56037376,1581.264892578125,1591.9215087890625
ETH-EUR,2021-02-18 16:00:00,1590.0980224609375,1581.41845703125,76312576,1590.0980224609375,1581.5682373046875
ETH-EUR,2021-02-18 17:00:00,1590.45947265625,1585.45751953125,10536960,1585.6171875,1590.2406005859375
ETH-EUR,2021-02-18 18:00:00,1601.54345703125,1583.306640625,395274240,1595.679443359375,1585.810791015625
ETH-EUR,2021-02-18 19:00:00,1602.250732421875,1588.4974365234375,0,1588.4974365234375,1595.4656982421875
ETH-EUR,2021-02-18 20:00:00,1603.07421875,1588.7861328125,18427904,1600.8621826171875,1588.9176025390625
ETH-EUR,2021-02-18 21:00:00,1612.2445068359375,1600.9805908203125,0,1607.585693359375,1600.9805908203125
ETH-EUR,2021-02-18 22:00:00,1610.638671875,1600.1602783203125,0,1602.632080078125,1607.9210205078125
ETH-EUR,2021-02-18 23:00:00,1603.6854248046875,1587.4527587890625,321593344,1603.6854248046875,1602.6160888671875
ETH-EUR,2021-02-19 00:00:00,1612.904052734375,1596.990234375,0,1596.990234375,1602.2802734375
ETH-EUR,2021-02-19 01:00:00,1600.1898193359375,1584.173583984375,0,1584.6461181640625,1596.968994140625
ETH-EUR,2021-02-19 02:00:00,1587.3089599609375,1569.3603515625,67686400,1587.3089599609375,1584.9215087890625
ETH-EUR,2021-02-19 03:00:00,1591.465576171875,1581.72216796875,0,1581.72216796875,1587.2755126953125
ETH-EUR,2021-02-19 04:00:00,1587.93359375,1571.7105712890625,0,1573.9620361328125,1581.4412841796875
ETH-EUR,2021-02-19 05:00:00,1581.8099365234375,1573.542236328125,113539072,1581.8099365234375,1573.9178466796875
ETH-EUR,2021-02-19 06:00:00,1587.98583984375,1581.48779296875,159963136,1587.98583984375,1581.48779296875
ETH-EUR,2021-02-19 07:00:00,1591.3939208984375,1586.3900146484375,0,1586.3900146484375,1588.045654296875
ETH-EUR,2021-02-19 08:00:00,1589.0980224609375,1578.2540283203125,0,1580.70556640625,1586.492431640625
ETH-EUR,2021-02-19 09:00:00,1597.7073974609375,1580.739501953125,319715328,1594.894775390625,1580.739501953125
ETH-EUR,2021-02-19 10:00:00,1597.3701171875,1586.872314453125,0,1586.872314453125,1594.088134765625
ETH-EUR,2021-02-19 11:00:00,1592.12451171875,1586.6285400390625,0,1592.12451171875,1586.6285400390625
ETH-EUR,2021-02-19 12:00:00,1598.4869384765625,1590.074951171875,0,1592.689208984375,1592.45556640625
ETH-EUR,2021-02-19 13:00:00,1592.559326171875,1583.2154541015625,135196672,1584.8056640625,1592.34228515625
ETH-EUR,2021-02-19 14:00:00,1589.890869140625,1582.1107177734375,62912512,1585.65673828125,1585.105224609375
ETH-EUR,2021-02-19 15:00:00,1596.7056884765625,1582.5723876953125,191541248,1595.451416015625,1585.64892578125
ETH-EUR,2021-02-19 16:00:00,1613.0147705078125,1594.90380859375,481005568,1603.37841796875,1595.309814453125
ETH-EUR,2021-02-19 17:00:00,1623.5054931640625,1603.17138671875,207202304,1620.3892822265625,1603.4681396484375
ETH-EUR,2021-02-19 18:00:00,1626.268798828125,1618.432373046875,0,1624.312744140625,1620.490478515625
ETH-EUR,2021-02-19 19:00:00,1625.8226318359375,1609.2486572265625,0,1611.2333984375,1624.0115966796875
ETH-EUR,2021-02-19 20:00:00,1617.4091796875,1610.626708984375,14385152,1611.362060546875,1611.3502197265625
ETH-EUR,2021-02-19 21:00:00,1622.0865478515625,1611.2392578125,250996736,1615.8333740234375,1611.3719482421875
ETH-EUR,2021-02-19 22:00:00,1617.752197265625,1609.5767822265625,0,1614.0777587890625,1615.547607421875
ETH-EUR,2021-02-19 23:00:00,1619.6273193359375,1611.3828125,0,1618.2181396484375,1613.9532470703125
ETH-EUR,2021-02-20 00:00:00,1617.5318603515625,1592.5467529296875,313546752,1599.1864013671875,1617.5318603515625
ETH-EUR,2021-02-20 01:00:00,1610.0146484375,1597.25927734375,0,1609.757080078125,1598.9471435546875
ETH-EUR,2021-02-20 02:00:00,1634.6204833984375,1608.5517578125,300537856,1634.6204833984375,1609.87158203125
ETH-EUR,2021-02-20 03:00:00,1655.1480712890625,1634.8427734375,1212907520,1655.1480712890625,1635.000244140625
ETH-EUR,2021-02-20 04:00:00,1678.7947998046875,1656.65576171875,917307392,1667.280517578125,1656.8914794921875
ETH-EUR,2021-02-20 05:00:00,1676.15966796875,1655.8702392578125,251174912,1664.3868408203125,1667.368896484375
ETH-EUR,2021-02-20 06:00:00,1676.5302734375,1662.594482421875,137930752,1675.401611328125,1663.70458984375
ETH-EUR,2021-02-20 07:00:00,1675.007080078125,1653.55810546875,157925376,1653.848388671875,1674.86669921875
ETH-EUR,2021-02-20 08:00:00,1660.1346435546875,1644.346923828125,59215872,1649.791748046875,1653.55078125
ETH-EUR,2021-02-20 09:00:00,1660.743408203125,1645.8182373046875,0,1656.93017578125,1649.295166015625
ETH-EUR,2021-02-20 10:00:00,1657.789794921875,1648.072509765625,28696576,1656.2882080078125,1656.4681396484375
ETH-EUR,2021-02-20 11:00:00,1661.551025390625,1652.67724609375,37007360,1652.67724609375,1656.1947021484375
ETH-EUR,2021-02-20 12:00:00,1675.330078125,1651.578369140625,615135232,1671.242919921875,1652.1124267578125
ETH-EUR,2021-02-20 13:00:00,1680.34765625,1671.084716796875,0,1675.1544189453125,1671.1842041015625
ETH-EUR,2021-02-20 14:00:00,1678.086669921875,1642.5496826171875,0,1642.5496826171875,1675.2254638671875
ETH-EUR,2021-02-20 15:00:00,1656.2230224609375,1628.7548828125,306608128,1634.9835205078125,1643.5941162109375
ETH-EUR,2021-02-20 16:00:00,1655.139404296875,1634.6470947265625,23928832,1650.96142578125,1634.8238525390625
ETH-EUR,2021-02-20 17:00:00,1665.8885498046875,1648.392822265625,82384896,1648.54296875,1651.3740234375
ETH-EUR,2021-02-20 18:00:00,1652.8062744140625,1645.0362548828125,5996544,1648.1441650390625,1648.621826171875
ETH-EUR,2021-02-20 19:00:00,1651.061279296875,1638.1773681640625,0,1644.0140380859375,1648.4266357421875
ETH-EUR,2021-02-20 20:00:00,1645.7376708984375,1626.4144287109375,197148672,1641.52880859375,1644.478271484375
ETH-EUR,2021-02-20 21:00:00,1641.2091064453125,1615.45947265625,0,1629.888916015625,1641.1490478515625
ETH-EUR,2021-02-20 22:00:00,1629.67333984375,1510.5582275390625,1386057728,1570.1546630859375,1629.67333984375
ETH-EUR,2021-02-20 23:00:00,1588.3310546875,1563.2879638671875,1333211136,1585.482177734375,1568.5703125
ETH-EUR,2021-02-21 00:00:00,1586.6800537109375,1559.935546875,0,1582.1917724609375,1584.0032958984375
ETH-EUR,2021-02-21 01:00:00,1597.525634765625,1582.7052001953125,5279744,1597.525634765625,1582.7052001953125
ETH-EUR,2021-02-21 02:00:00,1614.681640625,1597.622314453125,0,1603.2593994140625,1597.622314453125
ETH-EUR,2021-02-21 03:00:00,1612.5115966796875,1596.3240966796875,0,1599.1171875,1603.884033203125
ETH-EUR,2021-02-21 04:00:00,1604.7730712890625,1591.8114013671875,0,1604.7730712890625,1598.5321044921875
ETH-EUR,2021-02-21 05:00:00,1609.99951171875,1600.3497314453125,0,1606.54638671875,1604.7171630859375
ETH-EUR,2021-02-21 06:00:00,1606.44580078125,1593.947509765625,0,1599.5606689453125,1606.44580078125
ETH-EUR,2021-02-21 07:00:00,1605.6029052734375,1577.3221435546875,0,1578.865234375,1599.801513671875
ETH-EUR,2021-02-21 08:00:00,1602.058837890625,1577.2872314453125,72759296,1599.525390625,1579.443603515625
ETH-EUR,2021-02-21 09:00:00,1601.9627685546875,1595.4971923828125,0,1601.9627685546875,1599.263916015625
ETH-EUR,2021-02-21 10:00:00,1628.5181884765625,1601.2430419921875,477210624,1628.5181884765625,1601.5108642578125
ETH-EUR,2021-02-21 11:00:00,1628.814453125,1620.0849609375,266010624,1620.5025634765625,1628.5577392578125
ETH-EUR,2021-02-21 12:00:00,1623.9342041015625,1604.191650390625,0,1605.4068603515625,1620.580810546875
ETH-EUR,2021-02-21 13:00:00,1612.933837890625,1605.210693359375,0,1610.4927978515625,1605.4495849609375
ETH-EUR,2021-02-21 14:00:00,1621.95361328125,1605.057373046875,0,1620.06640625,1610.328125
ETH-EUR,2021-02-21 15:00:00,1622.6551513671875,1614.5396728515625,0,1617.2266845703125,1620.0963134765625
ETH-EUR,2021-02-21 16:00:00,1621.7620849609375,1608.9866943359375,0,1614.883544921875,1617.4932861328125
ETH-EUR,2021-02-21 17:00:00,1617.2763671875,1612.159912109375,0,1612.7388916015625,1615.3934326171875
ETH-EUR,2021-02-21 18:00:00,1623.4713134765625,1606.0255126953125,206233600,1623.4713134765625,1612.4320068359375
ETH-EUR,2021-02-21 19:00:00,1629.1629638671875,1623.3751220703125,53051392,1623.6524658203125,1623.5257568359375
ETH-EUR,2021-02-21 20:00:00,1624.376708984375,1587.36181640625,0,1592.7742919921875,1623.4644775390625
ETH-EUR,2021-02-21 21:00:00,1596.965576171875,1584.5748291015625,0,1584.5748291015625,1593.005126953125
ETH-EUR,2021-02-21 22:00:00,1593.151611328125,1572.987548828125,0,1589.658935546875,1584.956298828125
ETH-EUR,2021-02-21 23:00:00,1599.5025634765625,1589.73193359375,0,1596.682373046875,1589.73193359375
ETH-EUR,2021-02-22 00:00:00,1597.5802001953125,1563.95458984375,0,1563.95458984375,1596.388916015625
ETH-EUR,2021-02-22 01:00:00,1581.35009765625,1556.8779296875,191512576,1580.2935791015625,1564.0235595703125
ETH-EUR,2021-02-22 02:00:00,1582.7210693359375,1564.6593017578125,24774656,1574.7313232421875,1580.4117431640625
ETH-EUR,2021-02-22 03:00:00,1574.901611328125,1542.02392578125,153548800,1547.037109375,1574.634521484375
ETH-EUR,2021-02-22 04:00:00,1549.988525390625,1520.477783203125,179189760,1534.2520751953125,1547.2210693359375
ETH-EUR,2021-02-22 05:00:00,1553.5068359375,1534.8299560546875,269957120,1539.800537109375,1534.8299560546875
ETH-EUR,2021-02-22 06:00:00,1558.0052490234375,1539.793212890625,313053184,1548.857421875,1539.793212890625
ETH-EUR,2021-02-22 07:00:00,1561.114990234375,1543.177001953125,127012864,1559.0745849609375,1548.9776611328125
ETH-EUR,2021-02-22 08:00:00,1559.634765625,1537.2550048828125,0,1537.2550048828125,1558.7421875
ETH-EUR,2021-02-22 09:00:00,1539.193359375,1505.1805419921875,354082816,1505.1805419921875,1537.2686767578125
ETH-EUR,2021-02-22 10:00:00,1511.2503662109375,1476.4022216796875,1050103808,1499.993896484375,1504.3638916015625
ETH-EUR,2021-02-22 11:00:00,1510.1488037109375,1492.62841796875,419129344,1493.1260986328125,1499.2694091796875
ETH-EUR,2021-02-22 12:00:00,1492.4925537109375,1444.388671875,1027229696,1465.6168212890625,1492.4925537109375
ETH-EUR,2021-02-22 13:00:00,1474.953125,1441.8099365234375,835874816,1441.8099365234375,1465.85107421875
ETH-EUR,2021-02-22 14:00:00,1447.1298828125,1302.0679931640625,4747024384,1447.1298828125,1431.13623046875
ETH-EUR,2021-02-22 15:00:00,1458.3955078125,1408.1090087890625,1851852800,1430.4127197265625,1446.8123779296875
ETH-EUR,2021-02-22 16:00:00,1449.673095703125,1416.3887939453125,660080640,1425.6043701171875,1429.96875
ETH-EUR,2021-02-22 17:00:00,1426.0989990234375,1384.67529296875,283211776,1384.67529296875,1425.142578125
ETH-EUR,2021-02-22 18:00:00,1412.4400634765625,1372.5203857421875,1211850752,1407.5538330078125,1383.9432373046875
ETH-EUR,2021-02-22 19:00:00,1434.6236572265625,1407.885009765625,695425024,1434.6236572265625,1407.885009765625
ETH-EUR,2021-02-22 20:00:00,1466.329345703125,1434.790771484375,899254272,1459.8709716796875,1434.8162841796875
ETH-EUR,2021-02-22 21:00:00,1483.883544921875,1455.783447265625,512581632,1480.7242431640625,1460.072998046875
ETH-EUR,2021-02-22 22:00:00,1481.4271240234375,1454.1903076171875,0,1464.099853515625,1480.4481201171875
ETH-EUR,2021-02-22 23:00:00,1469.8179931640625,1441.007568359375,266100736,1464.305419921875,1463.893798828125
ETH-EUR,2021-02-23 00:00:00,1464.956787109375,1438.640625,0,1450.0931396484375,1464.956787109375
ETH-EUR,2021-02-23 01:00:00,1460.484130859375,1407.26904296875,0,1407.26904296875,1449.765869140625
ETH-EUR,2021-02-23 02:00:00,1414.8011474609375,1369.074951171875,244234240,1369.074951171875,1405.9632568359375
ETH-EUR,2021-02-23 03:00:00,1404.144775390625,1368.6005859375,761696256,1387.7281494140625,1368.6005859375
ETH-EUR,2021-02-23 04:00:00,1388.0927734375,1319.56884765625,0,1336.547607421875,1386.7626953125
ETH-EUR,2021-02-23 05:00:00,1340.8153076171875,1283.732666015625,2013982720,1338.2755126953125,1338.63623046875
ETH-EUR,2021-02-23 06:00:00,1352.2236328125,1303.3431396484375,243642368,1303.3431396484375,1337.7899169921875
ETH-EUR,2021-02-23 07:00:00,1325.484130859375,1297.145751953125,743878656,1306.2774658203125,1303.533935546875
ETH-EUR,2021-02-23 08:00:00,1305.8544921875,1205.24609375,1148424192,1205.24609375,1305.8544921875
ETH-EUR,2021-02-23 09:00:00,1240.4400634765625,1134.55712890625,2834681856,1228.4261474609375,1205.1112060546875
ETH-EUR,2021-02-23 10:00:00,1248.78271484375,1201.038330078125,0,1212.153564453125,1229.904052734375
ETH-EUR,2021-02-23 11:00:00,1229.09765625,1142.6773681640625,825765888,1171.7427978515625,1212.6368408203125
ETH-EUR,2021-02-23 12:00:00,1269.4757080078125,1174.875,3069517824,1269.437255859375,1174.875
ETH-EUR,2021-02-23 13:00:00,1282.0880126953125,1250.65869140625,405524480,1271.003173828125,1267.5931396484375
ETH-EUR,2021-02-23 14:00:00,1291.7999267578125,1225.8406982421875,0,1254.56591796875,1270.65234375
ETH-EUR,2021-02-23 15:00:00,1310.427001953125,1249.54443359375,1172561920,1295.8763427734375,1253.0191650390625
ETH-EUR,2021-02-23 16:00:00,1316.2298583984375,1273.2498779296875,0,1278.3963623046875,1294.479736328125
ETH-EUR,2021-02-23 17:00:00,1293.19140625,1259.199951171875,0,1259.199951171875,1277.945068359375
ETH-EUR,2021-02-23 18:00:00,1263.427978515625,1237.424560546875,0,1237.424560546875,1258.824951171875
ETH-EUR,2021-02-23 19:00:00,1243.5054931640625,1197.658203125,0,1204.195068359375,1237.2449951171875
ETH-EUR,2021-02-23 20:00:00,1251.2296142578125,1191.6075439453125,1214697472,1251.2296142578125,1204.155517578125
ETH-EUR,2021-02-23 21:00:00,1275.0926513671875,1251.7344970703125,413720576,1266.9310302734375,1251.7344970703125
ETH-EUR,2021-02-23 22:00:00,1292.1507568359375,1262.6561279296875,453074944,1289.440673828125,1267.778076171875
ETH-EUR,2021-02-23 23:00:00,1296.2056884765625,1276.1690673828125,0,1284.190185546875,1290.4246826171875
ETH-EUR,2021-02-24 00:00:00,1299.9713134765625,1242.9718017578125,279269376,1284.075927734375,1292.2401123046875
ETH-EUR,2021-02-24 01:00:00,1315.8292236328125,1284.9918212890625,985739264,1314.3818359375,1284.9918212890625
ETH-EUR,2021-02-24 02:00:00,1341.9267578125,1315.0384521484375,531804160,1336.4068603515625,1315.0384521484375
ETH-EUR,2021-02-24 03:00:00,1348.7674560546875,1330.6500244140625,0,1348.7674560546875,1335.28271484375
ETH-EUR,2021-02-24 04:00:00,1360.02685546875,1329.6400146484375,0,1353.536865234375,1349.3079833984375
ETH-EUR,2021-02-24 05:00:00,1357.8363037109375,1335.6043701171875,0,1345.5126953125,1353.9854736328125
ETH-EUR,2021-02-24 06:00:00,1355.2320556640625,1328.817626953125,0,1344.8548583984375,1345.1495361328125
ETH-EUR,2021-02-24 07:00:00,1354.611572265625,1330.9315185546875,0,1352.980224609375,1345.9014892578125
ETH-EUR,2021-02-24 08:00:00,1377.900634765625,1346.677490234375,0,1377.900634765625,1352.8828125
ETH-EUR,2021-02-24 09:00:00,1407.125,1375.7418212890625,0,1389.4525146484375,1377.2803955078125
ETH-EUR,2021-02-24 10:00:00,1392.283203125,1372.09521484375,0,1372.09521484375,1389.4990234375
ETH-EUR,2021-02-24 11:00:00,1392.0233154296875,1370.4547119140625,0,1377.959716796875,1371.4371337890625
ETH-EUR,2021-02-24 12:00:00,1401.6998291015625,1378.6309814453125,0,1393.02783203125,1378.6309814453125
ETH-EUR,2021-02-24 13:00:00,1395.9208984375,1345.4232177734375,0,1350.2628173828125,1393.0006103515625
ETH-EUR,2021-02-24 14:00:00,1360.1514892578125,1343.600341796875,0,1352.425048828125,1349.9234619140625
ETH-EUR,2021-02-24 15:00:00,1364.3056640625,1318.2352294921875,0,1364.3056640625,1352.712646484375
ETH-EUR,2021-02-24 16:00:00,1379.95068359375,1359.9854736328125,0,1359.9854736328125,1365.3104248046875
ETH-EUR,2021-02-24 17:00:00,1367.24609375,1354.157470703125,0,1364.5140380859375,1359.95458984375
ETH-EUR,2021-02-24 18:00:00,1367.6583251953125,1349.352783203125,0,1349.352783203125,1364.6041259765625
ETH-EUR,2021-02-24 19:00:00,1349.9892578125,1319.92041015625,0,1319.92041015625,1349.4549560546875
ETH-EUR,2021-02-24 20:00:00,1327.3060302734375,1302.7838134765625,0,1319.8565673828125,1319.451416015625
ETH-EUR,2021-02-24 21:00:00,1320.5072021484375,1287.789794921875,0,1303.9732666015625,1319.077392578125
ETH-EUR,2021-02-24 22:00:00,1310.1683349609375,1284.3138427734375,286652416,1309.90966796875,1304.7227783203125
ETH-EUR,2021-02-24 23:00:00,1333.4598388671875,1309.3170166015625,306448384,1333.0330810546875,1309.3892822265625
ETH-EUR,2021-02-25 00:00:00,1359.6605224609375,1334.052734375,0,1359.058837890625,1336.607666015625
ETH-EUR,2021-02-25 01:00:00,1359.1749267578125,1342.6134033203125,0,1344.1844482421875,1359.112060546875
ETH-EUR,2021-02-25 02:00:00,1352.713134765625,1340.1689453125,0,1342.9161376953125,1344.6453857421875
ETH-EUR,2021-02-25 03:00:00,1343.5821533203125,1323.802734375,0,1326.93359375,1343.5821533203125
ETH-EUR,2021-02-25 04:00:00,1326.6444091796875,1308.5885009765625,0,1311.2010498046875,1326.6444091796875
ETH-EUR,2021-02-25 05:00:00,1332.799560546875,1309.9600830078125,0,1332.799560546875,1310.5467529296875
ETH-EUR,2021-02-25 06:00:00,1335.1304931640625,1325.4912109375,0,1329.208251953125,1333.137451171875
ETH-EUR,2021-02-25 07:00:00,1351.859619140625,1326.6446533203125,0,1342.9326171875,1329.3089599609375
ETH-EUR,2021-02-25 08:00:00,1343.090087890625,1310.5706787109375,0,1310.5706787109375,1343.090087890625
ETH-EUR,2021-02-25 09:00:00,1316.2564697265625,1300.10888671875,0,1311.34619140625,1310.7518310546875
ETH-EUR,2021-02-25 10:00:00,1321.096435546875,1306.09765625,0,1320.15234375,1310.7652587890625
ETH-EUR,2021-02-25 11:00:00,1330.65380859375,1319.6536865234375,0,1330.65380859375,1319.8704833984375
ETH-EUR,2021-02-25 12:00:00,1342.912353515625,1322.0042724609375,86884352,1342.912353515625,1330.0623779296875
ETH-EUR,2021-02-25 13:00:00,1365.9058837890625,1342.0966796875,0,1347.00146484375,1343.6317138671875
ETH-EUR,2021-02-25 14:00:00,1351.4462890625,1334.01123046875,0,1338.85009765625,1347.125244140625
ETH-EUR,2021-02-25 15:00:00,1342.68603515625,1325.9703369140625,0,1329.86083984375,1338.693115234375
ETH-EUR,2021-02-25 16:00:00,1337.7601318359375,1326.7607421875,0,1327.99658203125,1330.19287109375
ETH-EUR,2021-02-25 17:00:00,1327.282958984375,1301.2352294921875,0,1301.2352294921875,1327.282958984375
ETH-EUR,2021-02-25 18:00:00,1314.1796875,1295.6072998046875,158748672,1297.857177734375,1300.9652099609375
ETH-EUR,2021-02-25 19:00:00,1307.3280029296875,1293.418701171875,22892544,1303.18701171875,1297.44140625
ETH-EUR,2021-02-25 20:00:00,1304.306640625,1284.1641845703125,0,1294.65185546875,1303.432373046875
ETH-EUR,2021-02-25 21:00:00,1298.2451171875,1259.4549560546875,0,1259.4549560546875,1295.3486328125
ETH-EUR,2021-02-25 22:00:00,1266.1490478515625,1236.1387939453125,483635200,1251.9295654296875,1259.210205078125
ETH-EUR,2021-02-25 23:00:00,1255.9912109375,1204.769287109375,272680960,1219.6181640625,1251.6119384765625
ETH-EUR,2021-02-26 00:00:00,1244.072021484375,1198.46533203125,926081024,1209.5513916015625,1213.7811279296875
ETH-EUR,2021-02-26 01:00:00,1233.305419921875,1208.5201416015625,592590848,1209.8760986328125,1209.94482421875
ETH-EUR,2021-02-26 02:00:00,1231.830322265625,1205.1015625,552769536,1224.6060791015625,1209.70703125
ETH-EUR,2021-02-26 03:00:00,1228.7012939453125,1214.0439453125,131721216,1226.828369140625,1224.55126953125
ETH-EUR,2021-02-26 04:00:00,1254.68701171875,1226.70263671875,338552832,1237.3690185546875,1227.1090087890625
ETH-EUR,2021-02-26 05:00:00,1239.66259765625,1199.702392578125,0,1199.702392578125,1237.5927734375
ETH-EUR,2021-02-26 06:00:00,1211.629150390625,1196.202392578125,906461184,1208.19873046875,1199.564208984375
ETH-EUR,2021-02-26 07:00:00,1209.6268310546875,1160.3563232421875,1774929920,1167.0225830078125,1208.535888671875
ETH-EUR,2021-02-26 08:00:00,1201.4981689453125,1166.6861572265625,1473683456,1198.9888916015625,1166.6861572265625
ETH-EUR,2021-02-26 09:00:00,1219.9256591796875,1191.2911376953125,1071665152,1219.9256591796875,1198.6405029296875
ETH-EUR,2021-02-26 10:00:00,1219.626708984375,1212.4451904296875,200781824,1212.528076171875,1219.503662109375
ETH-EUR,2021-02-26 10:20:06,1210.76513671875,1210.76513671875,0,1210.76513671875,1210.76513671875
