symbol,date,low,close,open,volume,high
DOT1-EUR,2021-01-26 10:00:00,13.94174861907959,14.161810874938965,13.94174861907959,0.0,14.224427223205566
DOT1-EUR,2021-01-26 11:00:00,13.983413696289062,14.136971473693848,14.160181045532227,3327744.0,14.160181045532227
DOT1-EUR,2021-01-26 12:00:00,13.555035591125488,13.555035591125488,14.137330055236816,0.0,14.137330055236816
DOT1-EUR,2021-01-26 13:00:00,13.519030570983887,13.60350227355957,13.558841705322266,0.0,13.712944030761719
DOT1-EUR,2021-01-27 07:00:00,13.316908836364746,13.39268970489502,13.316908836364746,9572480.0,13.479305267333984
DOT1-EUR,2021-01-27 08:00:00,13.055891990661621,13.055891990661621,13.394996643066406,31286528.0,13.394996643066406
DOT1-EUR,2021-01-27 09:00:00,12.887162208557129,13.093482971191406,13.047528266906738,62055936.0,13.117592811584473
DOT1-EUR,2021-01-27 10:00:00,12.971057891845703,12.976638793945312,13.092011451721191,10680064.0,13.175211906433105
DOT1-EUR,2021-01-27 11:00:00,12.915013313293457,12.915013313293457,12.981584548950195,21479424.0,13.225987434387207
DOT1-EUR,2021-01-27 12:00:00,12.879047393798828,13.074281692504883,12.914265632629395,9970432.0,13.078941345214844
DOT1-EUR,2021-01-27 13:00:00,12.801325798034668,12.801325798034668,13.07644271850586,0.0,13.100074768066406
DOT1-EUR,2021-01-27 14:00:00,12.497389793395996,12.519363403320312,12.799368858337402,28939264.0,12.859615325927734
DOT1-EUR,2021-01-27 15:00:00,12.537260055541992,12.825952529907227,12.537260055541992,25765632.0,12.825952529907227
DOT1-EUR,2021-01-28 07:00:00,13.477715492248535,13.559211730957031,13.519792556762695,359627008.0,13.658374786376953
DOT1-EUR,2021-01-28 08:00:00,13.561718940734863,13.631024360656738,13.561718940734863,0.0,13.704572677612305
DOT1-EUR,2021-01-28 09:00:00,13.40833568572998,13.584245681762695,13.631024360656738,0.0,13.642892837524414
DOT1-EUR,2021-01-28 10:00:00,13.591282844543457,13.915969848632812,13.591282844543457,49022720.0,13.982104301452637
DOT1-EUR,2021-01-28 11:00:00,13.922966003417969,14.24791145324707,13.922966003417969,0.0,14.252165794372559
DOT1-EUR,2021-01-28 12:00:00,14.198942184448242,14.285563468933105,14.249739646911621,582243584.0,14.430566787719727
DOT1-EUR,2021-01-28 13:00:00,14.114267349243164,14.211960792541504,14.281774520874023,3367936.0,14.301579475402832
DOT1-EUR,2021-01-28 14:00:00,14.207684516906738,14.265328407287598,14.218945503234863,1895936.0,14.381638526916504
DOT1-EUR,2021-01-28 15:00:00,14.154316902160645,14.212226867675781,14.245087623596191,0.0,14.267584800720215
DOT1-EUR,2021-01-29 07:00:00,13.269396781921387,13.432674407958984,13.365630149841309,36772096.0,13.432674407958984
DOT1-EUR,2021-01-29 08:00:00,13.243186950683594,13.706204414367676,13.436708450317383,0.0,13.706204414367676
DOT1-EUR,2021-01-29 09:00:00,13.52849292755127,13.762524604797363,13.710240364074707,291736064.0,13.88074016571045
DOT1-EUR,2021-01-29 10:00:00,13.562963485717773,13.694141387939453,13.772994041442871,0.0,13.898040771484375
DOT1-EUR,2021-01-29 11:00:00,13.691258430480957,13.9794921875,13.691258430480957,21394432.0,14.183130264282227
DOT1-EUR,2021-01-29 12:00:00,13.958629608154297,14.397293090820312,13.98473072052002,96722432.0,14.53097152709961
DOT1-EUR,2021-01-29 13:00:00,14.156719207763672,14.21932315826416,14.406113624572754,3694336.0,14.406113624572754
DOT1-EUR,2021-01-29 14:00:00,13.98105239868164,14.106300354003906,14.220706939697266,0.0,14.359047889709473
DOT1-EUR,2021-01-29 15:00:00,14.064834594726562,14.064834594726562,14.108131408691406,51007232.0,14.188835144042969
DOT1-EUR,2021-01-30 07:00:00,13.489879608154297,13.62773323059082,13.535008430480957,0.0,13.62773323059082
DOT1-EUR,2021-01-30 08:00:00,13.462757110595703,13.462757110595703,13.630207061767578,0.0,13.653234481811523
DOT1-EUR,2021-01-30 09:00:00,13.450409889221191,13.479211807250977,13.46495246887207,0.0,13.502840042114258
DOT1-EUR,2021-01-30 10:00:00,13.40807056427002,13.491843223571777,13.473761558532715,0.0,13.49432373046875
DOT1-EUR,2021-01-30 11:00:00,13.437175750732422,13.437308311462402,13.490097999572754,0.0,13.537578582763672
DOT1-EUR,2021-01-30 12:00:00,13.393170356750488,13.48882007598877,13.437308311462402,0.0,13.48882007598877
DOT1-EUR,2021-01-30 13:00:00,13.489619255065918,13.669730186462402,13.489619255065918,77525888.0,13.669730186462402
DOT1-EUR,2021-01-30 14:00:00,13.612872123718262,13.735234260559082,13.67004108428955,0.0,13.776304244995117
DOT1-EUR,2021-01-30 15:00:00,13.68093204498291,13.68093204498291,13.73994255065918,0.0,13.760940551757812
DOT1-EUR,2021-01-31 07:00:00,13.528864860534668,13.547544479370117,13.660555839538574,4060672.0,13.66482162475586
DOT1-EUR,2021-01-31 08:00:00,13.534317016601562,13.666060447692871,13.548707008361816,29404288.0,13.750996589660645
DOT1-EUR,2021-01-31 09:00:00,13.57585620880127,13.582968711853027,13.673165321350098,6579200.0,13.793378829956055
DOT1-EUR,2021-01-31 10:00:00,13.538049697875977,13.607677459716797,13.57491397857666,25792384.0,13.608867645263672
DOT1-EUR,2021-01-31 11:00:00,13.579568862915039,13.690566062927246,13.606738090515137,29815296.0,13.732644081115723
DOT1-EUR,2021-01-31 12:00:00,13.563648223876953,13.66237735748291,13.689810752868652,30580096.0,13.715248107910156
DOT1-EUR,2021-01-31 13:00:00,13.574607849121094,13.575799942016602,13.659299850463867,0.0,13.69937801361084
DOT1-EUR,2021-01-31 14:00:00,13.367060661315918,13.367549896240234,13.576351165771484,0.0,13.584402084350586
DOT1-EUR,2021-01-31 15:00:00,13.242463111877441,13.262263298034668,13.361927032470703,18792320.0,13.361927032470703
DOT1-EUR,2021-02-01 15:00:00,13.039876937866211,13.186861991882324,13.044851303100586,27002624.0,13.224284172058105
DOT1-EUR,2021-02-01 16:00:00,13.112428665161133,13.17559814453125,13.185380935668945,0.0,13.213272094726562
DOT1-EUR,2021-02-01 17:00:00,13.122675895690918,13.240118980407715,13.179383277893066,0.0,13.24179744720459
DOT1-EUR,2021-02-01 18:00:00,13.179508209228516,13.1836576461792,13.238249778747559,0.0,13.250656127929688
DOT1-EUR,2021-02-01 19:00:00,13.18384838104248,13.26927661895752,13.18384838104248,0.0,13.276604652404785
DOT1-EUR,2021-02-01 20:00:00,13.238566398620605,13.24602222442627,13.269020080566406,0.0,13.278253555297852
DOT1-EUR,2021-02-01 21:00:00,13.202288627624512,13.256831169128418,13.248514175415039,0.0,13.270835876464844
DOT1-EUR,2021-02-01 22:00:00,13.23515796661377,13.475013732910156,13.257246971130371,42173952.0,13.563824653625488
DOT1-EUR,2021-02-01 23:00:00,13.472172737121582,13.564699172973633,13.474607467651367,49833984.0,13.687292098999023
DOT1-EUR,2021-02-02 00:00:00,13.555807113647461,13.593121528625488,13.574393272399902,0.0,13.769323348999023
DOT1-EUR,2021-02-02 01:00:00,13.329323768615723,13.429896354675293,13.596573829650879,0.0,13.596573829650879
DOT1-EUR,2021-02-02 02:00:00,13.272098541259766,13.317418098449707,13.426414489746094,0.0,13.426414489746094
DOT1-EUR,2021-02-02 03:00:00,13.282769203186035,13.328947067260742,13.317071914672852,0.0,13.404986381530762
DOT1-EUR,2021-02-02 04:00:00,13.329856872558594,13.464468002319336,13.329856872558594,0.0,13.464468002319336
DOT1-EUR,2021-02-02 05:00:00,13.409221649169922,13.410690307617188,13.463921546936035,0.0,13.480435371398926
DOT1-EUR,2021-02-02 06:00:00,13.411046981811523,13.601826667785645,13.411046981811523,0.0,13.60505199432373
DOT1-EUR,2021-02-02 07:00:00,13.529776573181152,13.542935371398926,13.602230072021484,0.0,13.615974426269531
DOT1-EUR,2021-02-02 15:00:00,13.779984474182129,13.79507827758789,13.923212051391602,99921664.0,13.923212051391602
DOT1-EUR,2021-02-02 16:00:00,13.725202560424805,13.966232299804688,13.797650337219238,22338688.0,13.966232299804688
DOT1-EUR,2021-02-02 17:00:00,13.907718658447266,14.23496150970459,13.96807861328125,56230528.0,14.237018585205078
DOT1-EUR,2021-02-02 18:00:00,14.189024925231934,14.223075866699219,14.235235214233398,131618432.0,14.458529472351074
DOT1-EUR,2021-02-02 19:00:00,14.110758781433105,14.240817070007324,14.225606918334961,26707968.0,14.240817070007324
DOT1-EUR,2021-02-02 20:00:00,14.160764694213867,14.238637924194336,14.242700576782227,45205120.0,14.336360931396484
DOT1-EUR,2021-02-02 21:00:00,14.19649600982666,14.396919250488281,14.238980293273926,46977664.0,14.41690731048584
DOT1-EUR,2021-02-02 22:00:00,14.375411987304688,14.512323379516602,14.396658897399902,48589568.0,14.61171817779541
DOT1-EUR,2021-02-02 23:00:00,14.33389949798584,14.340495109558105,14.512253761291504,0.0,14.576620101928711
DOT1-EUR,2021-02-03 00:00:00,14.290756225585938,14.320074081420898,14.328768730163574,0.0,14.42354965209961
DOT1-EUR,2021-02-03 01:00:00,14.151119232177734,14.151119232177734,14.321853637695312,25466368.0,14.340872764587402
DOT1-EUR,2021-02-03 02:00:00,13.979170799255371,14.196634292602539,14.148173332214355,26088448.0,14.207945823669434
DOT1-EUR,2021-02-03 03:00:00,14.198887825012207,14.38563060760498,14.198887825012207,16019456.0,14.393813133239746
DOT1-EUR,2021-02-03 04:00:00,14.380448341369629,14.388031959533691,14.383984565734863,11352576.0,14.498759269714355
DOT1-EUR,2021-02-03 05:00:00,14.358355522155762,14.377886772155762,14.389202117919922,32591872.0,14.44156265258789
DOT1-EUR,2021-02-03 06:00:00,14.374336242675781,14.43950366973877,14.376903533935547,0.0,14.455108642578125
DOT1-EUR,2021-02-03 07:00:00,14.43962574005127,14.563409805297852,14.43962574005127,12989440.0,14.563409805297852
DOT1-EUR,2021-02-03 15:00:00,15.965278625488281,16.170000076293945,16.152841567993164,1024221696.0,16.170000076293945
DOT1-EUR,2021-02-03 16:00:00,15.742938995361328,15.907910346984863,16.171049118041992,164541440.0,16.216093063354492
DOT1-EUR,2021-02-03 17:00:00,15.83777141571045,16.158340454101562,15.89964485168457,62707200.0,16.158340454101562
DOT1-EUR,2021-02-03 18:00:00,16.11759376525879,16.30400276184082,16.179611206054688,6038272.0,16.417274475097656
DOT1-EUR,2021-02-03 19:00:00,16.075199127197266,16.075441360473633,16.321165084838867,29920000.0,16.43351173400879
DOT1-EUR,2021-02-03 20:00:00,16.045988082885742,16.316558837890625,16.09575080871582,32703488.0,16.390518188476562
DOT1-EUR,2021-02-03 21:00:00,16.201431274414062,16.348955154418945,16.273054122924805,34986240.0,16.42453956604004
DOT1-EUR,2021-02-03 22:00:00,16.295366287231445,16.74410629272461,16.361133575439453,68270080.0,16.74410629272461
DOT1-EUR,2021-02-03 23:00:00,16.83065414428711,17.214006423950195,16.838106155395508,159516416.0,17.2169132232666
DOT1-EUR,2021-02-04 00:00:00,17.2142276763916,17.577369689941406,17.2142276763916,257985536.0,17.873592376708984
DOT1-EUR,2021-02-04 01:00:00,17.326433181762695,17.652332305908203,17.57484245300293,93266688.0,17.685657501220703
DOT1-EUR,2021-02-04 02:00:00,16.97391128540039,17.20201301574707,17.64771842956543,76151808.0,17.648571014404297
DOT1-EUR,2021-02-04 03:00:00,17.117782592773438,17.21489906311035,17.221120834350586,105516032.0,17.444141387939453
DOT1-EUR,2021-02-04 04:00:00,17.065237045288086,17.5334415435791,17.201990127563477,136846336.0,17.535097122192383
DOT1-EUR,2021-02-04 05:00:00,17.31805419921875,17.31805419921875,17.512104034423828,66207744.0,17.670991897583008
DOT1-EUR,2021-02-04 06:00:00,17.293859481811523,17.45404624938965,17.339059829711914,115073536.0,17.585235595703125
DOT1-EUR,2021-02-04 07:00:00,17.443172454833984,17.443172454833984,17.46385383605957,168908288.0,17.950157165527344
DOT1-EUR,2021-02-04 08:00:00,16.847105026245117,16.854047775268555,17.425085067749023,43371008.0,17.458906173706055
DOT1-EUR,2021-02-04 09:00:00,16.420574188232422,16.567481994628906,16.69876480102539,95068672.0,16.72821617126465
DOT1-EUR,2021-02-04 17:00:00,16.469993591308594,16.531105041503906,16.79195213317871,0.0,16.79195213317871
DOT1-EUR,2021-02-04 18:00:00,16.530227661132812,16.878015518188477,16.541418075561523,0.0,16.973731994628906
DOT1-EUR,2021-02-04 19:00:00,16.632715225219727,16.706024169921875,16.878204345703125,0.0,16.878204345703125
DOT1-EUR,2021-02-04 20:00:00,16.60913848876953,16.619413375854492,16.738264083862305,0.0,16.94167137145996
DOT1-EUR,2021-02-04 21:00:00,16.649425506591797,16.860776901245117,16.649425506591797,6333952.0,16.92462921142578
DOT1-EUR,2021-02-04 22:00:00,16.38739585876465,16.66558074951172,16.839075088500977,0.0,16.84034538269043
DOT1-EUR,2021-02-04 23:00:00,16.46212387084961,16.46212387084961,16.647886276245117,0.0,16.751405715942383
DOT1-EUR,2021-02-05 00:00:00,16.322649002075195,16.61351203918457,16.454023361206055,0.0,16.657316207885742
DOT1-EUR,2021-02-05 01:00:00,16.602968215942383,16.651004791259766,16.617849349975586,0.0,16.87151527404785
DOT1-EUR,2021-02-05 02:00:00,16.581212997436523,17.180805206298828,16.648649215698242,0.0,17.211660385131836
DOT1-EUR,2021-02-05 03:00:00,16.90226936340332,16.93791961669922,17.174880981445312,0.0,17.249101638793945
DOT1-EUR,2021-02-05 04:00:00,16.89934730529785,17.119482040405273,16.940000534057617,0.0,17.202409744262695
DOT1-EUR,2021-02-05 05:00:00,17.054349899291992,17.140949249267578,17.1171817779541,0.0,17.27721405029297
DOT1-EUR,2021-02-05 06:00:00,16.96784019470215,17.226566314697266,17.13396453857422,1046016.0,17.22695541381836
DOT1-EUR,2021-02-05 07:00:00,17.215044021606445,17.349281311035156,17.218996047973633,0.0,17.58026123046875
DOT1-EUR,2021-02-05 08:00:00,17.042768478393555,17.2768497467041,17.36240577697754,0.0,17.43563461303711
DOT1-EUR,2021-02-05 09:00:00,17.168514251708984,17.168514251708984,17.2797908782959,0.0,17.34788703918457
DOT1-EUR,2021-02-05 16:00:00,17.059377670288086,17.091859817504883,17.622114181518555,0.0,17.62953758239746
DOT1-EUR,2021-02-05 17:00:00,17.0412540435791,17.153274536132812,17.106231689453125,0.0,17.293380737304688
DOT1-EUR,2021-02-05 18:00:00,16.853178024291992,16.858978271484375,17.14201545715332,0.0,17.185546875
DOT1-EUR,2021-02-05 19:00:00,16.671552658081055,17.053728103637695,16.83598518371582,0.0,17.053728103637695
DOT1-EUR,2021-02-05 20:00:00,16.999635696411133,17.31138801574707,17.053709030151367,0.0,17.33176040649414
DOT1-EUR,2021-02-05 21:00:00,17.24077033996582,17.598386764526367,17.309728622436523,41369344.0,17.642385482788086
DOT1-EUR,2021-02-05 22:00:00,17.347448348999023,17.38444709777832,17.60163116455078,0.0,17.601842880249023
DOT1-EUR,2021-02-05 23:00:00,17.24815559387207,17.346088409423828,17.35685157775879,968960.0,17.478378295898438
DOT1-EUR,2021-02-06 00:00:00,17.251508712768555,17.544036865234375,17.339616775512695,46689280.0,17.67633819580078
DOT1-EUR,2021-02-06 01:00:00,16.57438850402832,16.675682067871094,17.543930053710938,101470464.0,17.543930053710938
DOT1-EUR,2021-02-06 02:00:00,16.689224243164062,16.82406234741211,16.689224243164062,9452288.0,16.976232528686523
DOT1-EUR,2021-02-06 03:00:00,16.591190338134766,16.85822105407715,16.819459915161133,10180864.0,16.875228881835938
DOT1-EUR,2021-02-06 04:00:00,16.66179847717285,16.687875747680664,16.859506607055664,0.0,16.859506607055664
DOT1-EUR,2021-02-06 05:00:00,16.444622039794922,16.673377990722656,16.700485229492188,0.0,16.723432540893555
DOT1-EUR,2021-02-06 06:00:00,16.667675018310547,16.806703567504883,16.672670364379883,0.0,16.808122634887695
DOT1-EUR,2021-02-06 07:00:00,16.776241302490234,16.89409828186035,16.797731399536133,0.0,16.89409828186035
DOT1-EUR,2021-02-06 08:00:00,16.879772186279297,16.940092086791992,16.89507293701172,0.0,16.940092086791992
DOT1-EUR,2021-02-06 16:00:00,16.649526596069336,16.977983474731445,16.649526596069336,0.0,16.977983474731445
DOT1-EUR,2021-02-06 17:00:00,16.93168830871582,16.999469757080078,16.983009338378906,0.0,17.015331268310547
DOT1-EUR,2021-02-06 18:00:00,16.85869789123535,16.875398635864258,16.999391555786133,0.0,16.999391555786133
DOT1-EUR,2021-02-06 19:00:00,16.87696075439453,17.163005828857422,16.87696075439453,0.0,17.163005828857422
DOT1-EUR,2021-02-06 20:00:00,16.92157745361328,16.95538330078125,17.1651554107666,1437184.0,17.2733097076416
DOT1-EUR,2021-02-06 21:00:00,16.951513290405273,17.247095108032227,16.951513290405273,0.0,17.308334350585938
DOT1-EUR,2021-02-06 22:00:00,17.104557037353516,17.159343719482422,17.247095108032227,0.0,17.288055419921875
DOT1-EUR,2021-02-06 23:00:00,16.857318878173828,16.92586326599121,17.15973663330078,0.0,17.15973663330078
DOT1-EUR,2021-02-07 00:00:00,16.877010345458984,17.138151168823242,16.923011779785156,0.0,17.244081497192383
DOT1-EUR,2021-02-07 01:00:00,16.693462371826172,16.693462371826172,17.141300201416016,0.0,17.22566795349121
DOT1-EUR,2021-02-07 02:00:00,16.297348022460938,16.457883834838867,16.700519561767578,0.0,16.72043228149414
DOT1-EUR,2021-02-07 03:00:00,16.272628784179688,16.345151901245117,16.461698532104492,0.0,16.562341690063477
DOT1-EUR,2021-02-07 04:00:00,15.812159538269043,15.953147888183594,16.360904693603516,62675328.0,16.404064178466797
DOT1-EUR,2021-02-07 05:00:00,15.919293403625488,16.176916122436523,15.950896263122559,23852032.0,16.189695358276367
DOT1-EUR,2021-02-07 06:00:00,16.074636459350586,16.25179100036621,16.1800594329834,21208448.0,16.269947052001953
DOT1-EUR,2021-02-07 07:00:00,16.24057388305664,16.556041717529297,16.24747657775879,53208576.0,16.606163024902344
DOT1-EUR,2021-02-07 08:00:00,16.550241470336914,16.576650619506836,16.562681198120117,9630208.0,16.592117309570312
DOT1-EUR,2021-02-07 16:00:00,15.456648826599121,16.141870498657227,15.915619850158691,295926400.0,16.141870498657227
DOT1-EUR,2021-02-07 17:00:00,15.898990631103516,15.965951919555664,16.148897171020508,65830400.0,16.227380752563477
DOT1-EUR,2021-02-07 18:00:00,15.95070743560791,16.21040916442871,15.963730812072754,66171136.0,16.21234703063965
DOT1-EUR,2021-02-07 19:00:00,16.10132598876953,16.10132598876953,16.206470489501953,0.0,16.24289894104004
DOT1-EUR,2021-02-07 20:00:00,15.989041328430176,16.341596603393555,16.102022171020508,21724928.0,16.341596603393555
DOT1-EUR,2021-02-07 21:00:00,16.29277229309082,16.375699996948242,16.3424015045166,0.0,16.3853816986084
DOT1-EUR,2021-02-07 22:00:00,16.073354721069336,16.399534225463867,16.37812614440918,19960832.0,16.399534225463867
DOT1-EUR,2021-02-07 23:00:00,16.352846145629883,16.422224044799805,16.398740768432617,0.0,16.443449020385742
DOT1-EUR,2021-02-08 00:00:00,16.253082275390625,16.32139015197754,16.417964935302734,0.0,16.510936737060547
DOT1-EUR,2021-02-08 01:00:00,16.126916885375977,16.3144474029541,16.323253631591797,0.0,16.358474731445312
DOT1-EUR,2021-02-08 02:00:00,15.982087135314941,16.02384376525879,16.3103084564209,0.0,16.318742752075195
DOT1-EUR,2021-02-08 03:00:00,16.011640548706055,16.04464340209961,16.02159309387207,0.0,16.168556213378906
DOT1-EUR,2021-02-08 04:00:00,16.030105590820312,16.355514526367188,16.045719146728516,0.0,16.355514526367188
DOT1-EUR,2021-02-08 05:00:00,16.27959632873535,16.325517654418945,16.35359001159668,0.0,16.36068344116211
DOT1-EUR,2021-02-08 06:00:00,16.328866958618164,16.66648292541504,16.328866958618164,16377856.0,16.75557518005371
DOT1-EUR,2021-02-08 07:00:00,16.560195922851562,16.654783248901367,16.669069290161133,12962304.0,16.773332595825195
DOT1-EUR,2021-02-08 08:00:00,16.621780395507812,16.688716888427734,16.65934181213379,0.0,16.775501251220703
DOT1-EUR,2021-02-08 09:00:00,16.68404769897461,16.82529640197754,16.68404769897461,0.0,16.85479736328125
DOT1-EUR,2021-02-08 17:00:00,18.894716262817383,18.92947006225586,18.894716262817383,1301487360.0,19.094581604003906
DOT1-EUR,2021-02-08 18:00:00,18.671709060668945,18.781299591064453,18.91583824157715,12210688.0,18.943111419677734
DOT1-EUR,2021-02-08 19:00:00,18.768842697143555,18.935535430908203,18.768842697143555,32928256.0,18.95221519470215
DOT1-EUR,2021-02-08 20:00:00,18.785568237304688,18.790193557739258,18.939355850219727,4033280.0,19.087553024291992
DOT1-EUR,2021-02-08 21:00:00,18.795242309570312,19.284805297851562,18.795242309570312,140256256.0,19.5877685546875
DOT1-EUR,2021-02-08 22:00:00,19.284875869750977,19.336824417114258,19.284875869750977,39260672.0,19.511640548706055
DOT1-EUR,2021-02-08 23:00:00,18.71439552307129,19.10833740234375,19.33556365966797,124556288.0,19.340091705322266
DOT1-EUR,2021-02-09 00:00:00,18.88075828552246,19.065061569213867,19.10826873779297,70125056.0,19.116119384765625
DOT1-EUR,2021-02-09 01:00:00,18.954092025756836,19.70693588256836,19.053909301757812,197190400.0,19.77360725402832
DOT1-EUR,2021-02-09 02:00:00,19.122901916503906,19.122901916503906,19.713838577270508,59433216.0,19.772781372070312
DOT1-EUR,2021-02-09 03:00:00,19.097742080688477,19.310787200927734,19.122886657714844,60976128.0,19.400888442993164
DOT1-EUR,2021-02-09 04:00:00,18.9349422454834,19.118568420410156,19.304058074951172,40103936.0,19.304058074951172
DOT1-EUR,2021-02-09 05:00:00,18.984458923339844,19.36423110961914,19.108192443847656,40520192.0,19.36551856994629
DOT1-EUR,2021-02-09 06:00:00,19.093151092529297,19.356523513793945,19.38151741027832,36642816.0,19.391469955444336
DOT1-EUR,2021-02-09 07:00:00,19.32377052307129,19.431480407714844,19.35415267944336,24844288.0,19.660457611083984
DOT1-EUR,2021-02-09 08:00:00,19.432723999023438,19.845476150512695,19.432723999023438,76230656.0,19.845476150512695
DOT1-EUR,2021-02-09 09:00:00,19.475736618041992,19.475736618041992,19.848060607910156,6034432.0,19.882102966308594
DOT1-EUR,2021-02-09 15:00:00,18.678203582763672,18.765310287475586,19.03984260559082,0.0,19.083820343017578
DOT1-EUR,2021-02-09 16:00:00,18.50107192993164,18.83624839782715,18.757305145263672,0.0,18.9608211517334
DOT1-EUR,2021-02-09 17:00:00,18.657140731811523,18.687973022460938,18.840133666992188,0.0,18.90981674194336
DOT1-EUR,2021-02-09 18:00:00,18.689668655395508,19.027254104614258,18.689668655395508,0.0,19.027254104614258
DOT1-EUR,2021-02-09 19:00:00,19.005802154541016,19.087121963500977,19.02709197998047,0.0,19.133405685424805
DOT1-EUR,2021-02-09 20:00:00,18.913127899169922,18.953237533569336,19.113725662231445,0.0,19.144676208496094
DOT1-EUR,2021-02-09 21:00:00,18.864578247070312,18.97690773010254,18.950782775878906,0.0,18.98406410217285
DOT1-EUR,2021-02-09 22:00:00,18.821887969970703,19.129098892211914,18.982852935791016,0.0,19.13210105895996
DOT1-EUR,2021-02-09 23:00:00,18.912893295288086,19.089645385742188,19.126419067382812,0.0,19.216604232788086
DOT1-EUR,2021-02-10 00:00:00,18.950857162475586,19.47469711303711,19.06996726989746,32898816.0,19.611003875732422
DOT1-EUR,2021-02-10 01:00:00,19.354440689086914,19.50415802001953,19.52568244934082,0.0,19.530210494995117
DOT1-EUR,2021-02-10 02:00:00,19.47641372680664,19.515438079833984,19.513301849365234,0.0,19.619409561157227
DOT1-EUR,2021-02-10 03:00:00,19.331329345703125,19.372987747192383,19.46772003173828,0.0,19.518409729003906
DOT1-EUR,2021-02-10 04:00:00,18.990373611450195,19.052595138549805,19.384822845458984,0.0,19.384822845458984
DOT1-EUR,2021-02-10 05:00:00,19.016258239746094,19.245567321777344,19.05093765258789,0.0,19.277549743652344
DOT1-EUR,2021-02-10 06:00:00,19.296369552612305,19.482166290283203,19.296369552612305,0.0,19.572237014770508
DOT1-EUR,2021-02-10 07:00:00,19.478836059570312,19.53359603881836,19.478836059570312,1836288.0,19.541780471801758
DOT1-EUR,2021-02-10 15:00:00,18.24982261657715,18.495864868164062,18.830612182617188,619565056.0,18.94801902770996
DOT1-EUR,2021-02-10 16:00:00,18.314851760864258,19.005802154541016,18.4905948638916,99299840.0,19.005802154541016
DOT1-EUR,2021-02-10 17:00:00,18.91361427307129,19.04737663269043,19.00909996032715,12940800.0,19.11097526550293
DOT1-EUR,2021-02-10 18:00:00,18.878232955932617,19.088590621948242,19.04092788696289,0.0,19.09212303161621
DOT1-EUR,2021-02-10 19:00:00,18.80338478088379,19.14341163635254,19.06218910217285,102685952.0,19.14341163635254
DOT1-EUR,2021-02-10 20:00:00,18.74114990234375,18.756427764892578,19.081241607666016,0.0,19.10010528564453
DOT1-EUR,2021-02-10 21:00:00,18.75676155090332,19.123502731323242,18.75676155090332,59188736.0,19.123502731323242
DOT1-EUR,2021-02-10 22:00:00,19.088876724243164,19.37659454345703,19.169382095336914,97927936.0,19.468595504760742
DOT1-EUR,2021-02-10 23:00:00,19.365808486938477,19.461088180541992,19.37598419189453,32540672.0,19.70240592956543
DOT1-EUR,2021-02-11 00:00:00,19.253376007080078,19.37811851501465,19.459192276000977,203520.0,19.648784637451172
DOT1-EUR,2021-02-11 01:00:00,19.34772300720215,20.01003646850586,19.471460342407227,0.0,20.01003646850586
DOT1-EUR,2021-02-11 02:00:00,19.916942596435547,20.527050018310547,19.997777938842773,176925440.0,20.527050018310547
DOT1-EUR,2021-02-11 15:00:00,20.640094757080078,20.93939208984375,20.65127182006836,0.0,20.93939208984375
DOT1-EUR,2021-02-11 16:00:00,20.698408126831055,20.773954391479492,20.941097259521484,155471360.0,21.03645896911621
DOT1-EUR,2021-02-11 17:00:00,20.56392478942871,20.661069869995117,20.7712345123291,0.0,20.7712345123291
DOT1-EUR,2021-02-11 18:00:00,20.347230911254883,20.41687774658203,20.660463333129883,0.0,20.660463333129883
DOT1-EUR,2021-02-11 19:00:00,20.390172958374023,20.474773406982422,20.41926383972168,0.0,20.560056686401367
DOT1-EUR,2021-02-11 20:00:00,20.247570037841797,20.279460906982422,20.47593879699707,14843648.0,20.58145523071289
DOT1-EUR,2021-02-11 21:00:00,20.251632690429688,20.331430435180664,20.279558181762695,45405440.0,20.389158248901367
DOT1-EUR,2021-02-11 22:00:00,20.317928314208984,20.65076446533203,20.319429397583008,55880704.0,20.668909072875977
DOT1-EUR,2021-02-11 23:00:00,20.64486312866211,20.796316146850586,20.666135787963867,0.0,21.00072479248047
DOT1-EUR,2021-02-12 00:00:00,20.60124397277832,20.627025604248047,20.752490997314453,21391360.0,20.7957820892334
DOT1-EUR,2021-02-12 01:00:00,20.583478927612305,20.704425811767578,20.625743865966797,11504640.0,20.72068977355957
DOT1-EUR,2021-02-12 02:00:00,20.625429153442383,20.63532257080078,20.710676193237305,0.0,20.852108001708984
DOT1-EUR,2021-02-12 03:00:00,20.334402084350586,20.335268020629883,20.63560676574707,0.0,20.63560676574707
DOT1-EUR,2021-02-12 04:00:00,20.25284194946289,20.378131866455078,20.331235885620117,0.0,20.45041847229004
DOT1-EUR,2021-02-12 05:00:00,20.389982223510742,20.650636672973633,20.389982223510742,0.0,20.721147537231445
DOT1-EUR,2021-02-12 06:00:00,20.497665405273438,20.66094207763672,20.648147583007812,0.0,20.736757278442383
DOT1-EUR,2021-02-12 07:00:00,20.584365844726562,20.615514755249023,20.66118049621582,0.0,20.6724796295166
DOT1-EUR,2021-02-12 15:00:00,21.962215423583984,23.162593841552734,21.962215423583984,0.0,23.162593841552734
DOT1-EUR,2021-02-12 16:00:00,23.16252899169922,23.548324584960938,23.16252899169922,965356032.0,24.208547592163086
DOT1-EUR,2021-02-12 17:00:00,23.542186737060547,24.091960906982422,23.550065994262695,120415744.0,24.091960906982422
DOT1-EUR,2021-02-12 18:00:00,23.90960121154785,23.99933624267578,24.058486938476562,56246784.0,24.473421096801758
DOT1-EUR,2021-02-12 19:00:00,23.684823989868164,23.897132873535156,23.992250442504883,22316544.0,24.052396774291992
DOT1-EUR,2021-02-12 20:00:00,23.555784225463867,23.555784225463867,23.894948959350586,0.0,24.004735946655273
DOT1-EUR,2021-02-12 21:00:00,23.5556697845459,23.688596725463867,23.5556697845459,0.0,23.970685958862305
DOT1-EUR,2021-02-12 22:00:00,23.419158935546875,24.085285186767578,23.68878173828125,85817600.0,24.085285186767578
DOT1-EUR,2021-02-12 23:00:00,23.553659439086914,23.67893409729004,24.077959060668945,0.0,24.077959060668945
DOT1-EUR,2021-02-13 00:00:00,23.553342819213867,23.800411224365234,23.66893768310547,0.0,23.8490047454834
DOT1-EUR,2021-02-13 01:00:00,23.81352424621582,24.8238525390625,23.81352424621582,108613120.0,24.8238525390625
DOT1-EUR,2021-02-13 02:00:00,24.482412338256836,24.632898330688477,24.797122955322266,97297920.0,24.87226676940918
DOT1-EUR,2021-02-13 03:00:00,24.262922286987305,24.29362678527832,24.63661003112793,96258048.0,24.73942756652832
DOT1-EUR,2021-02-13 04:00:00,24.196868896484375,24.348926544189453,24.29109001159668,1502208.0,24.442096710205078
DOT1-EUR,2021-02-13 05:00:00,24.034000396728516,24.141551971435547,24.383485794067383,36046336.0,24.45404052734375
DOT1-EUR,2021-02-13 06:00:00,24.105459213256836,24.54020118713379,24.156856536865234,100560896.0,24.554086685180664
DOT1-EUR,2021-02-13 07:00:00,24.53131675720215,24.647796630859375,24.54941177368164,5495808.0,24.677412033081055
DOT1-EUR,2021-02-13 15:00:00,23.613906860351562,23.739627838134766,23.629859924316406,418587136.0,23.771482467651367
DOT1-EUR,2021-02-13 16:00:00,23.252267837524414,23.252267837524414,23.741304397583008,0.0,23.817750930786133
DOT1-EUR,2021-02-13 17:00:00,22.85529136657715,22.930078506469727,23.255252838134766,0.0,23.27328109741211
DOT1-EUR,2021-02-13 18:00:00,22.80645179748535,22.978418350219727,22.930078506469727,0.0,23.05143928527832
DOT1-EUR,2021-02-13 19:00:00,22.797569274902344,23.1087646484375,22.97181510925293,51782656.0,23.1087646484375
DOT1-EUR,2021-02-13 20:00:00,22.890291213989258,23.123111724853516,23.1087646484375,0.0,23.14674186706543
DOT1-EUR,2021-02-13 21:00:00,22.776180267333984,23.00556755065918,23.123111724853516,0.0,23.171659469604492
DOT1-EUR,2021-02-13 22:00:00,22.880329132080078,22.895889282226562,23.00556755065918,0.0,23.137611389160156
DOT1-EUR,2021-02-13 23:00:00,22.895889282226562,23.116107940673828,22.895889282226562,1380352.0,23.24496078491211
DOT1-EUR,2021-02-14 00:00:00,23.112504959106445,24.214305877685547,23.112504959106445,138599168.0,24.234085083007812
DOT1-EUR,2021-02-14 01:00:00,23.68359375,23.69117546081543,24.213764190673828,0.0,24.213764190673828
DOT1-EUR,2021-02-14 02:00:00,23.529226303100586,23.57779884338379,23.69179344177246,0.0,23.766498565673828
DOT1-EUR,2021-02-14 03:00:00,23.201473236083984,23.201473236083984,23.574722290039062,0.0,23.574722290039062
DOT1-EUR,2021-02-14 04:00:00,23.144575119018555,23.327226638793945,23.19863510131836,0.0,23.434993743896484
DOT1-EUR,2021-02-14 05:00:00,23.051511764526367,23.18099021911621,23.328889846801758,0.0,23.486499786376953
DOT1-EUR,2021-02-14 06:00:00,23.166288375854492,23.460664749145508,23.184783935546875,31787008.0,23.60403823852539
DOT1-EUR,2021-02-14 07:00:00,23.38035774230957,23.417606353759766,23.46012306213379,0.0,23.499162673950195
DOT1-EUR,2021-02-14 15:00:00,21.934797286987305,22.044965744018555,22.483245849609375,0.0,22.483245849609375
DOT1-EUR,2021-02-14 16:00:00,21.90009117126465,22.87710952758789,22.045583724975586,77484032.0,22.87710952758789
DOT1-EUR,2021-02-14 17:00:00,22.5690975189209,22.5690975189209,22.87861442565918,0.0,22.9254093170166
DOT1-EUR,2021-02-14 18:00:00,22.32501220703125,22.444347381591797,22.573936462402344,0.0,22.592849731445312
DOT1-EUR,2021-02-14 19:00:00,22.34754180908203,22.484355926513672,22.44611358642578,0.0,22.53533172607422
DOT1-EUR,2021-02-14 20:00:00,22.420270919799805,22.78017234802246,22.490995407104492,34415872.0,22.783594131469727
DOT1-EUR,2021-02-14 21:00:00,22.742034912109375,22.929882049560547,22.780061721801758,14745600.0,22.93243408203125
DOT1-EUR,2021-02-14 22:00:00,22.842498779296875,22.979982376098633,22.933412551879883,0.0,22.98467445373535
DOT1-EUR,2021-02-14 23:00:00,22.318071365356445,22.364953994750977,22.98271369934082,0.0,22.98271369934082
DOT1-EUR,2021-02-15 00:00:00,22.270553588867188,22.641611099243164,22.3295955657959,0.0,22.774747848510742
DOT1-EUR,2021-02-15 01:00:00,21.33305549621582,21.46367073059082,22.63810920715332,50711808.0,22.63810920715332
DOT1-EUR,2021-02-15 02:00:00,19.464773178100586,20.773054122924805,21.42340087890625,378157056.0,21.42340087890625
DOT1-EUR,2021-02-15 03:00:00,20.2133846282959,20.84328269958496,20.765522003173828,98815744.0,21.12599754333496
DOT1-EUR,2021-02-15 04:00:00,20.272464752197266,20.90315055847168,20.844579696655273,262215680.0,20.914926528930664
DOT1-EUR,2021-02-15 05:00:00,20.75615692138672,21.15167808532715,20.90212631225586,48923392.0,21.179244995117188
DOT1-EUR,2021-02-15 06:00:00,21.160978317260742,21.418048858642578,21.160978317260742,0.0,21.573270797729492
DOT1-EUR,2021-02-15 07:00:00,21.397382736206055,21.638019561767578,21.423416137695312,54447360.0,21.788930892944336
DOT1-EUR,2021-02-15 08:00:00,21.48575210571289,22.21776008605957,21.629764556884766,97943552.0,22.21776008605957
DOT1-EUR,2021-02-15 09:00:00,22.08610725402832,22.094810485839844,22.22801399230957,0.0,22.262836456298828
DOT1-EUR,2021-02-15 17:00:00,23.710329055786133,23.90561294555664,23.953784942626953,478713088.0,23.953784942626953
DOT1-EUR,2021-02-15 18:00:00,23.75698471069336,23.75698471069336,23.898014068603516,0.0,24.122079849243164
DOT1-EUR,2021-02-15 19:00:00,23.72444725036621,23.906078338623047,23.75836753845215,910592.0,23.974605560302734
DOT1-EUR,2021-02-15 20:00:00,23.889236450195312,23.952430725097656,23.907268524169922,0.0,24.156177520751953
DOT1-EUR,2021-02-15 21:00:00,22.92377281188965,22.92377281188965,23.954957962036133,23155200.0,23.954957962036133
DOT1-EUR,2021-02-15 22:00:00,22.497331619262695,23.395503997802734,22.92243766784668,175910144.0,23.517683029174805
DOT1-EUR,2021-02-15 23:00:00,22.725114822387695,22.879241943359375,23.397491455078125,37377024.0,23.49640464782715
DOT1-EUR,2021-02-16 00:00:00,22.217918395996094,23.059181213378906,22.884143829345703,134283264.0,23.059181213378906
DOT1-EUR,2021-02-16 01:00:00,23.06262969970703,23.5306396484375,23.06262969970703,0.0,23.608293533325195
DOT1-EUR,2021-02-16 02:00:00,23.477741241455078,23.754697799682617,23.54085350036621,0.0,23.76877784729004
DOT1-EUR,2021-02-16 03:00:00,23.456174850463867,23.465368270874023,23.748830795288086,0.0,24.280406951904297
DOT1-EUR,2021-02-16 04:00:00,23.448171615600586,23.450408935546875,23.471628189086914,0.0,23.780664443969727
DOT1-EUR,2021-02-16 05:00:00,23.263612747192383,23.552379608154297,23.442781448364258,0.0,23.552379608154297
DOT1-EUR,2021-02-16 06:00:00,23.17558479309082,23.75996971130371,23.56395149230957,23007232.0,23.75996971130371
DOT1-EUR,2021-02-16 07:00:00,23.669994354248047,23.745941162109375,23.76041603088379,5119488.0,23.872817993164062
DOT1-EUR,2021-02-16 08:00:00,23.711742401123047,25.47067642211914,23.737293243408203,312627200.0,25.49080467224121
DOT1-EUR,2021-02-16 09:00:00,25.068439483642578,25.068439483642578,25.442378997802734,3947008.0,25.442378997802734
DOT1-EUR,2021-02-16 17:00:00,24.505977630615234,24.96063995361328,24.558088302612305,262042880.0,25.054712295532227
DOT1-EUR,2021-02-16 18:00:00,24.358877182006836,24.834850311279297,24.78658103942871,81348096.0,24.90941047668457
DOT1-EUR,2021-02-16 19:00:00,24.563045501708984,24.676372528076172,24.90671157836914,26186752.0,24.93427276611328
DOT1-EUR,2021-02-16 20:00:00,24.357694625854492,24.577617645263672,24.669788360595703,0.0,24.669788360595703
DOT1-EUR,2021-02-16 21:00:00,24.441892623901367,24.709686279296875,24.647647857666016,26945024.0,24.791662216186523
DOT1-EUR,2021-02-16 22:00:00,24.357206344604492,24.54537582397461,24.680391311645508,0.0,24.688095092773438
DOT1-EUR,2021-02-16 23:00:00,24.46817970275879,24.95016860961914,24.498857498168945,0.0,25.007923126220703
DOT1-EUR,2021-02-17 00:00:00,24.791458129882812,25.245525360107422,24.919214248657227,0.0,25.404813766479492
DOT1-EUR,2021-02-17 01:00:00,24.938030242919922,25.104625701904297,25.21927833557129,0.0,25.237571716308594
DOT1-EUR,2021-02-17 02:00:00,25.119674682617188,25.7031307220459,25.119674682617188,104257280.0,25.7031307220459
DOT1-EUR,2021-02-17 03:00:00,25.750288009643555,25.939491271972656,25.750288009643555,148766720.0,26.207822799682617
DOT1-EUR,2021-02-17 04:00:00,25.08521842956543,25.1533203125,25.95018196105957,0.0,26.044504165649414
DOT1-EUR,2021-02-17 05:00:00,24.792766571044922,24.878999710083008,25.114091873168945,2131968.0,25.32489013671875
DOT1-EUR,2021-02-17 06:00:00,24.59925651550293,24.71384620666504,24.869672775268555,51708416.0,25.147905349731445
DOT1-EUR,2021-02-17 07:00:00,24.889896392822266,25.430908203125,24.899866104125977,113985536.0,25.55340003967285
DOT1-EUR,2021-02-17 08:00:00,25.07280731201172,25.145233154296875,25.382734298706055,0.0,25.398927688598633
DOT1-EUR,2021-02-17 09:00:00,25.198984146118164,25.230613708496094,25.203166961669922,0.0,25.31787872314453
DOT1-EUR,2021-02-17 17:00:00,25.944799423217773,26.28135871887207,26.10685157775879,0.0,26.28135871887207
DOT1-EUR,2021-02-17 18:00:00,26.023710250854492,26.042924880981445,26.487585067749023,0.0,26.491783142089844
DOT1-EUR,2021-02-17 19:00:00,26.07109832763672,26.4113826751709,26.07109832763672,9667072.0,26.4113826751709
DOT1-EUR,2021-02-17 20:00:00,26.262039184570312,26.389083862304688,26.425607681274414,0.0,26.571361541748047
DOT1-EUR,2021-02-17 21:00:00,26.367572784423828,26.631284713745117,26.367572784423828,32172288.0,26.863094329833984
DOT1-EUR,2021-02-17 22:00:00,26.251840591430664,26.313194274902344,26.675579071044922,102313472.0,26.7171573638916
DOT1-EUR,2021-02-17 23:00:00,26.27049446105957,26.553417205810547,26.325944900512695,0.0,26.553417205810547
DOT1-EUR,2021-02-18 00:00:00,26.56395149230957,26.95565414428711,26.56395149230957,0.0,27.040021896362305
DOT1-EUR,2021-02-18 01:00:00,26.420398712158203,26.60658836364746,26.861486434936523,0.0,26.861486434936523
DOT1-EUR,2021-02-18 02:00:00,26.45932388305664,26.65090560913086,26.596757888793945,0.0,26.65090560913086
DOT1-EUR,2021-02-18 03:00:00,26.388389587402344,26.394878387451172,26.743621826171875,0.0,26.7722110748291
DOT1-EUR,2021-02-18 04:00:00,26.172231674194336,26.432889938354492,26.37792205810547,0.0,26.45531463623047
DOT1-EUR,2021-02-18 05:00:00,26.411602020263672,26.612346649169922,26.416303634643555,0.0,26.63348960876465
DOT1-EUR,2021-02-18 06:00:00,26.313196182250977,26.313196182250977,26.63296890258789,0.0,26.637653350830078
DOT1-EUR,2021-02-18 07:00:00,26.168106079101562,26.254486083984375,26.297582626342773,0.0,26.327659606933594
DOT1-EUR,2021-02-18 08:00:00,26.066713333129883,26.14098358154297,26.294694900512695,0.0,26.350753784179688
DOT1-EUR,2021-02-18 09:00:00,25.81041717529297,25.836898803710938,26.135805130004883,12055808.0,26.135805130004883
DOT1-EUR,2021-02-18 15:00:00,25.72890853881836,25.757205963134766,26.10101318359375,0.0,26.10101318359375
DOT1-EUR,2021-02-18 16:00:00,25.76072120666504,26.054914474487305,25.76072120666504,0.0,26.08945655822754
DOT1-EUR,2021-02-18 17:00:00,25.57253074645996,25.63936424255371,26.059518814086914,0.0,26.059518814086914
DOT1-EUR,2021-02-18 18:00:00,25.58429527282715,25.69801902770996,25.624536514282227,2209792.0,25.86751365661621
DOT1-EUR,2021-02-18 19:00:00,25.55381202697754,25.558895111083984,25.697647094726562,0.0,25.8154296875
DOT1-EUR,2021-02-18 20:00:00,25.39642333984375,25.664541244506836,25.560997009277344,0.0,25.664541244506836
DOT1-EUR,2021-02-18 21:00:00,25.678287506103516,25.861364364624023,25.678287506103516,0.0,25.91291046142578
DOT1-EUR,2021-02-18 22:00:00,25.600627899169922,25.693376541137695,25.86267852783203,0.0,25.876150131225586
DOT1-EUR,2021-02-18 23:00:00,25.556438446044922,25.80753517150879,25.694089889526367,0.0,25.81199836730957
DOT1-EUR,2021-02-19 00:00:00,25.54470443725586,25.54470443725586,25.792753219604492,0.0,25.876445770263672
DOT1-EUR,2021-02-19 01:00:00,24.96830940246582,24.96830940246582,25.544858932495117,0.0,25.544858932495117
DOT1-EUR,2021-02-19 02:00:00,24.513734817504883,25.045618057250977,24.99095916748047,156170368.0,25.177642822265625
DOT1-EUR,2021-02-19 03:00:00,25.002716064453125,25.121074676513672,25.04388999938965,17954432.0,25.293292999267578
DOT1-EUR,2021-02-19 04:00:00,24.867101669311523,24.947450637817383,25.125986099243164,0.0,25.25824546813965
DOT1-EUR,2021-02-19 05:00:00,24.945472717285156,25.20280647277832,24.945472717285156,61587072.0,25.214950561523438
DOT1-EUR,2021-02-19 06:00:00,25.15245819091797,26.238630294799805,25.194177627563477,114915072.0,26.238630294799805
DOT1-EUR,2021-02-19 07:00:00,25.9580135345459,26.05375099182129,26.229843139648438,17987072.0,26.242155075073242
DOT1-EUR,2021-02-19 15:00:00,27.258970260620117,28.035850524902344,27.258970260620117,624812800.0,28.03880500793457
DOT1-EUR,2021-02-19 16:00:00,27.61194610595703,27.628807067871094,28.03200912475586,84633856.0,28.106992721557617
DOT1-EUR,2021-02-19 17:00:00,27.62659454345703,27.791534423828125,27.62659454345703,0.0,27.985151290893555
DOT1-EUR,2021-02-19 18:00:00,27.755680084228516,28.006752014160156,27.791433334350586,92524032.0,28.056537628173828
DOT1-EUR,2021-02-19 19:00:00,27.596080780029297,27.703224182128906,28.006277084350586,0.0,28.006277084350586
DOT1-EUR,2021-02-19 20:00:00,27.714712142944336,28.072751998901367,27.714712142944336,101787136.0,28.383834838867188
DOT1-EUR,2021-02-19 21:00:00,27.892763137817383,27.894134521484375,28.059396743774414,14733568.0,28.180381774902344
DOT1-EUR,2021-02-19 22:00:00,27.668981552124023,28.30779266357422,27.891498565673828,35374080.0,28.30779266357422
DOT1-EUR,2021-02-19 23:00:00,28.285816192626953,28.703739166259766,28.30779266357422,69160960.0,28.873571395874023
DOT1-EUR,2021-02-20 00:00:00,28.71464729309082,30.963329315185547,28.71464729309082,470750720.0,31.685321807861328
DOT1-EUR,2021-02-20 01:00:00,30.45799446105957,30.908193588256836,30.953907012939453,208916480.0,31.76036834716797
DOT1-EUR,2021-02-20 02:00:00,30.88796615600586,30.992197036743164,30.896387100219727,24163584.0,31.71367073059082
DOT1-EUR,2021-02-20 03:00:00,30.42693519592285,30.429183959960938,31.004941940307617,38095616.0,31.02030372619629
DOT1-EUR,2021-02-20 04:00:00,30.39774513244629,31.339862823486328,30.429302215576172,112567808.0,31.482501983642578
DOT1-EUR,2021-02-20 05:00:00,31.01922607421875,31.306917190551758,31.346540451049805,26582272.0,31.566869735717773
DOT1-EUR,2021-02-20 06:00:00,31.29844856262207,32.034996032714844,31.29844856262207,0.0,32.034996032714844
DOT1-EUR,2021-02-20 07:00:00,31.79538345336914,31.79538345336914,32.03358840942383,820721664.0,32.434608459472656
DOT1-EUR,2021-02-20 15:00:00,31.297304153442383,31.65288543701172,31.883575439453125,0.0,31.883575439453125
DOT1-EUR,2021-02-20 16:00:00,31.65288543701172,33.967899322509766,31.65288543701172,403037696.0,33.967899322509766
DOT1-EUR,2021-02-20 17:00:00,33.83135986328125,33.943145751953125,33.967899322509766,114100736.0,34.406837463378906
DOT1-EUR,2021-02-20 18:00:00,33.641414642333984,33.8416748046875,33.943145751953125,179462144.0,34.710514068603516
DOT1-EUR,2021-02-20 19:00:00,33.52303695678711,33.639583587646484,33.8416748046875,15677952.0,34.05488204956055
DOT1-EUR,2021-02-20 20:00:00,33.17637634277344,33.447322845458984,33.639583587646484,27785728.0,33.87031173706055
DOT1-EUR,2021-02-20 21:00:00,33.06499481201172,33.98731994628906,33.447322845458984,207315968.0,34.20100784301758
DOT1-EUR,2021-02-20 22:00:00,31.059528350830078,32.745384216308594,33.98731994628906,43548160.0,33.98731994628906
DOT1-EUR,2021-02-20 23:00:00,31.438264846801758,32.3965950012207,32.746337890625,139584512.0,33.004947662353516
DOT1-EUR,2021-02-21 00:00:00,31.485206604003906,32.032569885253906,32.324153900146484,0.0,32.57084655761719
DOT1-EUR,2021-02-21 01:00:00,31.9971866607666,32.07960891723633,32.04475784301758,0.0,32.99663543701172
DOT1-EUR,2021-02-21 02:00:00,32.10219955444336,32.5166130065918,32.10219955444336,0.0,32.63343048095703
DOT1-EUR,2021-02-21 03:00:00,31.67572784423828,31.757612228393555,32.48334884643555,0.0,32.52094650268555
DOT1-EUR,2021-02-21 04:00:00,31.498149871826172,31.821134567260742,31.76314353942871,9961984.0,32.04266357421875
DOT1-EUR,2021-02-21 05:00:00,31.637676239013672,32.4647216796875,31.816871643066406,47076864.0,32.47932434082031
DOT1-EUR,2021-02-21 06:00:00,31.8225154876709,32.12770080566406,32.45536422729492,0.0,32.482418060302734
DOT1-EUR,2021-02-21 07:00:00,31.977436065673828,31.977436065673828,32.12389373779297,0.0,32.31340408325195
DOT1-EUR,2021-02-21 15:00:00,31.91616439819336,31.96982192993164,32.116676330566406,0.0,32.12099838256836
DOT1-EUR,2021-02-21 16:00:00,31.583585739135742,31.738204956054688,31.96982192993164,0.0,32.19145584106445
DOT1-EUR,2021-02-21 17:00:00,31.698049545288086,32.11122512817383,31.738204956054688,0.0,32.11122512817383
DOT1-EUR,2021-02-21 18:00:00,31.97330665588379,32.4083251953125,32.11122512817383,0.0,32.42200469970703
DOT1-EUR,2021-02-21 19:00:00,32.4083251953125,32.884178161621094,32.4083251953125,0.0,32.923702239990234
DOT1-EUR,2021-02-21 20:00:00,32.015377044677734,32.1851921081543,32.884178161621094,0.0,32.89869689941406
DOT1-EUR,2021-02-21 21:00:00,31.758527755737305,31.772199630737305,32.181217193603516,0.0,32.2861442565918
DOT1-EUR,2021-02-21 22:00:00,31.772993087768555,32.15992736816406,31.77789878845215,0.0,32.15992736816406
DOT1-EUR,2021-02-21 23:00:00,32.07257080078125,32.73819351196289,32.1519775390625,0.0,32.73819351196289
DOT1-EUR,2021-02-22 00:00:00,31.59723472595215,31.59723472595215,32.739524841308594,0.0,32.739524841308594
DOT1-EUR,2021-02-22 01:00:00,31.382402420043945,31.679027557373047,31.581098556518555,0.0,31.777786254882812
DOT1-EUR,2021-02-22 02:00:00,31.20267105102539,31.590286254882812,31.67110824584961,0.0,31.715898513793945
DOT1-EUR,2021-02-22 03:00:00,30.730384826660156,30.974205017089844,31.56945037841797,0.0,31.68099594116211
DOT1-EUR,2021-02-22 04:00:00,30.64615821838379,31.045867919921875,30.95455551147461,11059712.0,31.253219604492188
DOT1-EUR,2021-02-22 05:00:00,30.908802032470703,30.908802032470703,31.056114196777344,70939136.0,31.433839797973633
DOT1-EUR,2021-02-22 06:00:00,30.819717407226562,31.390758514404297,30.911853790283203,0.0,31.48752784729004
DOT1-EUR,2021-02-22 07:00:00,30.979923248291016,31.795166015625,31.362232208251953,8511488.0,31.804922103881836
DOT1-EUR,2021-02-22 08:00:00,31.24695587158203,31.248435974121094,31.79615020751953,0.0,31.853397369384766
DOT1-EUR,2021-02-22 09:00:00,30.97125816345215,30.97125816345215,31.23571014404297,7301120.0,31.41037940979004
DOT1-EUR,2021-02-22 15:00:00,28.7976016998291,29.539329528808594,29.408903121948242,1265596672.0,29.798736572265625
DOT1-EUR,2021-02-22 16:00:00,29.203805923461914,29.291736602783203,29.53524398803711,86441472.0,29.997041702270508
DOT1-EUR,2021-02-22 17:00:00,27.97834014892578,27.97834014892578,29.282377243041992,93733888.0,29.282377243041992
DOT1-EUR,2021-02-22 18:00:00,27.507421493530273,28.758867263793945,27.97803497314453,181327616.0,28.982118606567383
DOT1-EUR,2021-02-22 19:00:00,28.723196029663086,29.89540672302246,28.76026725769043,107102208.0,29.911380767822266
DOT1-EUR,2021-02-22 20:00:00,29.872482299804688,30.26995277404785,29.895442962646484,95237120.0,30.6752986907959
DOT1-EUR,2021-02-22 21:00:00,30.077651977539062,30.902118682861328,30.270282745361328,100278272.0,30.923139572143555
DOT1-EUR,2021-02-22 22:00:00,30.0743408203125,30.531665802001953,30.90185546875,24465408.0,30.965085983276367
DOT1-EUR,2021-02-22 23:00:00,30.161733627319336,30.977365493774414,30.529142379760742,78791680.0,30.977365493774414
DOT1-EUR,2021-02-23 00:00:00,30.32001304626465,30.600950241088867,30.984107971191406,50301952.0,31.001800537109375
DOT1-EUR,2021-02-23 01:00:00,29.171586990356445,29.312973022460938,30.598115921020508,106971136.0,30.856281280517578
DOT1-EUR,2021-02-23 02:00:00,28.34710121154785,28.34710121154785,29.375652313232422,0.0,29.734088897705078
DOT1-EUR,2021-02-23 03:00:00,28.380672454833984,29.11027717590332,28.380672454833984,152496640.0,29.553438186645508
DOT1-EUR,2021-02-23 04:00:00,28.437253952026367,29.048452377319336,29.120563507080078,0.0,29.333284378051758
DOT1-EUR,2021-02-23 05:00:00,27.57617950439453,28.621660232543945,29.093172073364258,307012608.0,29.29706382751465
DOT1-EUR,2021-02-23 06:00:00,28.13661003112793,28.828495025634766,28.5972957611084,120135168.0,29.459129333496094
DOT1-EUR,2021-02-23 07:00:00,28.735815048217773,28.735815048217773,28.792932510375977,17085952.0,29.024580001831055
DOT1-EUR,2021-02-23 22:00:00,26.81984519958496,27.398475646972656,26.825157165527344,718319616.0,27.398475646972656
DOT1-EUR,2021-02-23 23:00:00,27.397310256958008,28.208425521850586,27.397310256958008,138505728.0,28.208425521850586
DOT1-EUR,2021-02-24 00:00:00,26.69556999206543,27.89830207824707,28.253475189208984,52286464.0,28.426748275756836
DOT1-EUR,2021-02-24 01:00:00,27.912981033325195,29.16207504272461,27.912981033325195,242463744.0,29.16207504272461
DOT1-EUR,2021-02-24 02:00:00,28.89513397216797,29.356664657592773,29.204822540283203,66437632.0,29.48953628540039
DOT1-EUR,2021-02-24 03:00:00,28.929933547973633,29.412349700927734,29.308637619018555,0.0,29.412349700927734
DOT1-EUR,2021-02-24 04:00:00,28.855403900146484,29.216819763183594,29.42540740966797,0.0,29.897207260131836
DOT1-EUR,2021-02-24 05:00:00,28.953447341918945,28.96816062927246,29.18375015258789,66497536.0,29.59716796875
DOT1-EUR,2021-02-24 06:00:00,28.052536010742188,28.432266235351562,28.940126419067383,0.0,29.13707160949707
DOT1-EUR,2021-02-24 14:00:00,28.149839401245117,28.388103485107422,28.149839401245117,0.0,28.398725509643555
DOT1-EUR,2021-02-24 15:00:00,27.458656311035156,28.42391586303711,28.38844871520996,0.0,28.688684463500977
DOT1-EUR,2021-02-24 16:00:00,28.225858688354492,28.3095760345459,28.41661262512207,0.0,28.670873641967773
DOT1-EUR,2021-02-24 17:00:00,27.893117904663086,27.96588897705078,28.304250717163086,0.0,28.419370651245117
DOT1-EUR,2021-02-24 18:00:00,27.79397201538086,27.931800842285156,27.966262817382812,0.0,28.152864456176758
DOT1-EUR,2021-02-24 19:00:00,26.920419692993164,26.920419692993164,27.931291580200195,0.0,27.96068572998047
DOT1-EUR,2021-02-24 20:00:00,26.831911087036133,27.230384826660156,26.921106338500977,0.0,27.41212272644043
DOT1-EUR,2021-02-24 21:00:00,26.33283042907715,26.9586181640625,27.245346069335938,11310080.0,27.285717010498047
DOT1-EUR,2021-02-24 22:00:00,26.281892776489258,26.8281307220459,26.954910278320312,34301440.0,27.019908905029297
DOT1-EUR,2021-02-24 23:00:00,26.82623863220215,27.630048751831055,26.82623863220215,35795968.0,27.71441078186035
DOT1-EUR,2021-02-25 00:00:00,27.627559661865234,28.59665870666504,27.627559661865234,136241408.0,28.83884048461914
DOT1-EUR,2021-02-25 01:00:00,27.966533660888672,27.99125099182129,28.595394134521484,0.0,28.602073669433594
DOT1-EUR,2021-02-25 02:00:00,27.811450958251953,28.005022048950195,27.993907928466797,0.0,28.293872833251953
DOT1-EUR,2021-02-25 03:00:00,27.42964744567871,27.516582489013672,28.008108139038086,0.0,28.008108139038086
DOT1-EUR,2021-02-25 04:00:00,27.06675148010254,27.141695022583008,27.516281127929688,0.0,27.516281127929688
DOT1-EUR,2021-02-25 05:00:00,27.138769149780273,28.04511833190918,27.138769149780273,70980608.0,28.04511833190918
DOT1-EUR,2021-02-25 06:00:00,27.459877014160156,27.55084991455078,28.033283233642578,0.0,28.033283233642578
DOT1-EUR,2021-02-25 15:00:00,27.889404296875,28.07042121887207,28.132308959960938,0.0,28.202924728393555
DOT1-EUR,2021-02-25 16:00:00,27.88825225830078,27.92435646057129,28.06609535217285,0.0,28.398550033569336
DOT1-EUR,2021-02-25 17:00:00,27.04682731628418,27.066429138183594,27.919269561767578,0.0,27.919269561767578
DOT1-EUR,2021-02-25 18:00:00,27.06441307067871,27.24085235595703,27.06441307067871,115237632.0,27.503662109375
DOT1-EUR,2021-02-25 19:00:00,27.1341552734375,27.211750030517578,27.23720359802246,0.0,27.489179611206055
DOT1-EUR,2021-02-25 20:00:00,26.828100204467773,27.16705322265625,27.214635848999023,0.0,27.26626205444336
DOT1-EUR,2021-02-25 21:00:00,26.7332763671875,26.7332763671875,27.174192428588867,0.0,27.174192428588867
DOT1-EUR,2021-02-25 22:00:00,26.248991012573242,26.668880462646484,26.737314224243164,11717376.0,27.110240936279297
DOT1-EUR,2021-02-25 23:00:00,25.541810989379883,25.582782745361328,26.670473098754883,0.0,26.724931716918945
DOT1-EUR,2021-02-26 00:00:00,24.831113815307617,25.12321662902832,25.616029739379883,209775872.0,26.284832000732422
DOT1-EUR,2021-02-26 01:00:00,24.70301628112793,24.70301628112793,25.153486251831055,96528128.0,26.01066780090332
DOT1-EUR,2021-02-26 02:00:00,24.081480026245117,25.076858520507812,24.701353073120117,296801536.0,25.41610336303711
DOT1-EUR,2021-02-26 03:00:00,24.904598236083984,25.395858764648438,25.07398223876953,41372416.0,25.47898292541504
DOT1-EUR,2021-02-26 04:00:00,25.342021942138672,25.534076690673828,25.397682189941406,30908160.0,25.745132446289062
DOT1-EUR,2021-02-26 05:00:00,23.905122756958008,23.9117431640625,25.527482986450195,0.0,25.54742431640625
DOT1-EUR,2021-02-26 06:00:00,23.843095779418945,24.657011032104492,23.90176010131836,1263171328.0,24.747817993164062
DOT1-EUR,2021-02-26 07:00:00,23.424020767211914,23.46225357055664,24.639297485351562,314700800.0,24.646413803100586
DOT1-EUR,2021-02-26 07:42:06,23.46225357055664,23.46225357055664,23.46225357055664,0.0,23.46225357055664
